date,lead,true,pred
2020-04-03,5,-0.13345952,-0.19753617
2020-04-07,5,-0.10312978,-0.172222825
2020-04-08,5,-0.09174059,-0.140477995
2020-04-09,5,-0.09586534,-0.12568579
2020-04-10,5,-0.121913835,-0.109758638
2020-04-13,5,-0.16724008,-0.107344021
2020-04-14,5,-0.18765782,-0.124002412
2020-04-15,5,-0.2102362,-0.151007295
2020-04-16,5,-0.1978231,-0.178270023
2020-04-17,5,-0.18325835,-0.203951848
2020-04-20,5,-0.16551448,-0.215923656
2020-04-21,5,-0.17830724,-0.219733676
2020-04-22,5,-0.19929995,-0.224829024
2020-04-23,5,-0.2121903,-0.22430656
2020-04-24,5,-0.22779891,-0.229890796
2020-04-27,5,-0.23957793,-0.234741136
2020-04-28,5,-0.23655638,-0.22962676
2020-04-29,5,-0.22274266,-0.21712486
2020-04-30,5,-0.23439762,-0.205546656
2020-05-06,5,-0.23602843,-0.22032801
2020-05-07,5,-0.23824254,-0.243952272
2020-05-08,5,-0.26165354,-0.27712769
2020-05-11,5,-0.2849019,-0.297660196
2020-05-12,5,-0.3083562,-0.307850188
2020-05-13,5,-0.33348063,-0.315314202
2020-05-14,5,-0.33553827,-0.31846372
2020-05-15,5,-0.32389298,-0.323452996
2020-05-18,5,-0.3189263,-0.326197308
2020-05-19,5,-0.30087006,-0.330380738
2020-05-20,5,-0.28375927,-0.327699664
2020-05-21,5,-0.28140152,-0.325852106
2020-05-22,5,-0.27827793,-0.331149976
2020-05-25,5,-0.28806973,-0.335497924
2020-05-26,5,-0.2991914,-0.343853528
2020-05-27,5,-0.3025857,-0.35079463
2020-05-28,5,-0.28841847,-0.349451792
2020-05-29,5,-0.27847597,-0.34314963
2020-06-01,5,-0.27177584,-0.325291674
2020-06-02,5,-0.29300252,-0.329034188
2020-06-03,5,-0.3153454,-0.343494832
2020-06-04,5,-0.32840517,-0.359110752
2020-06-05,5,-0.3467269,-0.37090162
2020-06-08,5,-0.36739627,-0.384603638
2020-06-09,5,-0.38307676,-0.390093508
2020-06-10,5,-0.36913997,-0.388018232
2020-06-11,5,-0.35881197,-0.375879786
2020-06-12,5,-0.35012066,-0.360213758
2020-06-15,5,-0.34898525,-0.3470303
2020-06-16,5,-0.34505805,-0.348575412
2020-06-17,5,-0.35032004,-0.348307784
2020-06-18,5,-0.34390432,-0.340675546
2020-06-19,5,-0.3370894,-0.34441852
2020-06-22,5,-0.34313133,-0.353766782
2020-06-23,5,-0.3529333,-0.361622004
2020-06-24,5,-0.38170782,-0.371982598
2020-06-29,5,-0.3937359,-0.37836664
2020-06-30,5,-0.4026728,-0.383868026
2020-07-01,5,-0.40805495,-0.37790479
2020-07-02,5,-0.40167737,-0.391338736
2020-07-03,5,-0.3990075,-0.405468064
2020-07-06,5,-0.4095013,-0.413259714
2020-07-07,5,-0.42990166,-0.413242992
2020-07-08,5,-0.4785924,-0.423551286
2020-07-09,5,-0.5379911,-0.417810514
2020-07-10,5,-0.5787006,-0.420118376
2020-07-13,5,-0.58993256,-0.427035018
2020-07-14,5,-0.5527686,-0.446264556
2020-07-15,5,-0.4674783,-0.438656596
2020-07-16,5,-0.36584774,-0.421225388
2020-07-17,5,-0.25230166,-0.397686936
2020-07-20,5,-0.1378596,-0.345004486
2020-07-21,5,-0.07234454,-0.26074955
2020-07-22,5,-0.031273652,-0.198280567
2020-07-23,5,0.009256519,-0.138865566
2020-07-24,5,0.020477837,-0.103508888
2020-07-27,5,-0.045134474,-0.073368213
2020-07-28,5,-0.08972861,-0.062677786
2020-07-29,5,-0.08250753,-0.052260393
2020-07-30,5,-0.05436445,-0.050401835
2020-07-31,5,-0.023128297,-0.055564744
2020-08-03,5,0.0065835229999999,-0.035111943
2020-08-04,5,-0.028189717,-0.035771272
2020-08-05,5,-0.08283281,-0.035034195
2020-08-06,5,-0.123998284,-0.040183193
2020-08-07,5,-0.13909592,-0.060944071
2020-08-10,5,-0.16706692,-0.090433223
2020-08-11,5,-0.19027926,-0.124155862
2020-08-12,5,-0.18724073,-0.161475339
2020-08-13,5,-0.18062712,-0.196129424
2020-08-14,5,-0.18232408,-0.206812214
2020-08-17,5,-0.1760661,-0.218132148
2020-08-18,5,-0.1860999,-0.215276046
2020-08-19,5,-0.19837022,-0.22476034
2020-08-20,5,-0.23247127,-0.226383638
2020-08-21,5,-0.2780925,-0.236243088
2020-08-24,5,-0.32429698,-0.24143882
2020-08-25,5,-0.33870026,-0.260634046
2020-08-26,5,-0.32038838,-0.275764898
2020-08-27,5,-0.28527528,-0.280724266
2020-08-28,5,-0.2652286,-0.278512304
2020-08-31,5,-0.2646659,-0.273224116
2020-09-01,5,-0.2636943,-0.257076812
2020-09-02,5,-0.27448106,-0.25702785
2020-09-03,5,-0.29525667,-0.251516192
2020-09-04,5,-0.33640078,-0.261602152
2020-09-07,5,-0.3597977,-0.287908958
2020-09-08,5,-0.35363218,-0.316873552
2020-09-09,5,-0.34263486,-0.331875386
2020-09-10,5,-0.320695,-0.344107888
2020-09-11,5,-0.29196316,-0.341205336
2020-09-14,5,-0.2640007,-0.337692108
2020-09-15,5,-0.25814837,-0.331171974
2020-09-16,5,-0.27804938,-0.318203462
2020-09-17,5,-0.28099898,-0.305515254
2020-09-18,5,-0.30334744,-0.302018144
2020-09-21,5,-0.33248442,-0.309015772
2020-09-22,5,-0.34949595,-0.325275976
2020-09-23,5,-0.35372478,-0.347178154
2020-09-24,5,-0.35629326,-0.35771303
2020-09-25,5,-0.36160818,-0.366737888
2020-09-28,5,-0.36645386,-0.36756112
2020-09-29,5,-0.33556923,-0.3630474
2020-09-30,5,-0.30701914,-0.34376101
2020-10-09,5,-0.29514003,-0.32535029
2020-10-12,5,-0.2772272,-0.314025412
2020-10-13,5,-0.28751126,-0.31319763
2020-10-14,5,-0.32223734,-0.314144332
2020-10-15,5,-0.35756814,-0.329954034
2020-10-16,5,-0.39347512,-0.342903248
2020-10-19,5,-0.43382034,-0.365121134
2020-10-20,5,-0.44236094,-0.389995392
2020-10-21,5,-0.40856844,-0.410522314
2020-10-22,5,-0.3649033,-0.407440984
2020-10-23,5,-0.33125708,-0.399566238
2020-10-26,5,-0.30865884,-0.379073524
2020-10-27,5,-0.29573035,-0.363767394
2020-10-28,5,-0.31420377,-0.357489382
2020-10-29,5,-0.31761408,-0.349135578
2020-10-30,5,-0.3161742,-0.347989754
2020-11-02,5,-0.31293958,-0.332673108
2020-11-03,5,-0.32335955,-0.323893634
2020-11-04,5,-0.34364623,-0.321003284
2020-11-05,5,-0.3652684,-0.324997554
2020-11-06,5,-0.37136438,-0.336005238
2020-11-09,5,-0.374324,-0.358975226
2020-11-10,5,-0.40292504,-0.384720888
2020-11-11,5,-0.43381792,-0.406290252
2020-11-12,5,-0.44281998,-0.42678605
2020-11-13,5,-0.44993916,-0.436494054
2020-11-16,5,-0.44103727,-0.429789322
2020-11-17,5,-0.42940864,-0.423051758
2020-11-18,5,-0.39450282,-0.401678636
2020-11-19,5,-0.3756412,-0.371355172
2020-11-20,5,-0.36316603,-0.35616075
2020-11-23,5,-0.36029094,-0.34913355
2020-11-24,5,-0.37668833,-0.354036982
2020-11-25,5,-0.39018625,-0.371284798
2020-11-26,5,-0.40466097,-0.387757812
2020-11-27,5,-0.41995573,-0.39730961
2020-11-30,5,-0.4254158,-0.40742804
2020-12-01,5,-0.4254618,-0.411067192
2020-12-02,5,-0.4116264,-0.417781388
2020-12-03,5,-0.4025464,-0.402680664
2020-12-04,5,-0.41732585,-0.371552128
2020-12-07,5,-0.43355954,-0.356228376
2020-12-08,5,-0.4299115,-0.35638612
2020-12-09,5,-0.43938366,-0.370194062
2020-12-10,5,-0.4205111,-0.390087624
2020-12-11,5,-0.3954482,-0.393644108
2020-12-14,5,-0.37592176,-0.387450784
2020-12-15,5,-0.35849825,-0.379948462
2020-12-16,5,-0.34635273,-0.358188822
2020-12-17,5,-0.34751046,-0.339909306
2020-12-18,5,-0.36334598,-0.33357422
2020-12-21,5,-0.3750589,-0.334326002
2020-12-22,5,-0.39802787,-0.345883822
2020-12-23,5,-0.4102488,-0.368157958
2020-12-24,5,-0.4222414,-0.38062909
2020-12-25,5,-0.4334415,-0.395628918
2020-12-28,5,-0.42229688,-0.397202384
2020-12-29,5,-0.41045168,-0.39728721
2020-12-30,5,-0.39259842,-0.399072418
2020-12-31,5,-0.40137964,-0.394809292
2021-01-04,5,-0.39580747,-0.400654832
2021-01-05,5,-0.40583694,-0.41052508
2021-01-06,5,-0.40971166,-0.416581886
2021-01-07,5,-0.42666435,-0.420371074
2021-01-08,5,-0.45516145,-0.421152062
2021-01-11,5,-0.47585428,-0.428367466
2021-01-12,5,-0.46932364,-0.43383726
2021-01-13,5,-0.45674148,-0.4469237
2021-01-14,5,-0.4340236,-0.446983576
2021-01-15,5,-0.40525377,-0.439819372
2021-01-18,5,-0.37587523,-0.415702018
2021-01-19,5,-0.36733732,-0.407629108
2021-01-20,5,-0.3758807,-0.388322942
2021-01-21,5,-0.3541348,-0.37430313
2021-01-22,5,-0.3336736,-0.370704318
2021-01-25,5,-0.3343998,-0.369057606
2021-01-26,5,-0.3382174,-0.35834875
2021-01-27,5,-0.33018428,-0.35849799
2021-01-28,5,-0.3544383,-0.352943722
2021-01-29,5,-0.36686862,-0.352042264
2021-02-01,5,-0.3492254,-0.344084916
2021-02-02,5,-0.33050263,-0.35248795
2021-02-03,5,-0.30409977,-0.373594696
2021-02-04,5,-0.29802716,-0.375129926
2021-02-05,5,-0.29021558,-0.368466764
2021-02-08,5,-0.31538674,-0.362969032
2021-02-09,5,-0.34382927,-0.360970322
2021-02-10,5,-0.3575586,-0.356507922
2021-02-18,5,-0.35344738,-0.35151949
2021-02-19,5,-0.3736944,-0.357162842
2021-02-22,5,-0.40669337,-0.355798526
2021-02-23,5,-0.4450824,-0.35828877
2021-02-24,5,-0.47646803,-0.375586972
2021-02-25,5,-0.47168985,-0.39808054
2021-02-26,5,-0.4322681,-0.41182002
2021-03-01,5,-0.3740969,-0.40273426
2021-03-02,5,-0.30408397,-0.393041166
2021-03-03,5,-0.26202166,-0.356816436
2021-03-04,5,-0.23515151,-0.312062942
2021-03-05,5,-0.24191198,-0.285823548
2021-03-08,5,-0.23412445,-0.26518079
2021-03-09,5,-0.25516653,-0.243516306
2021-03-10,5,-0.24567012,-0.246932866
2021-03-11,5,-0.23956569,-0.264259592
2021-03-12,5,-0.18911472,-0.273455256
2021-03-15,5,-0.16468348,-0.264591432
2021-03-16,5,-0.13616435,-0.24807687
2021-03-17,5,-0.14989766,-0.225958374
2021-03-18,5,-0.18962899,-0.210584986
2021-03-19,5,-0.24176171,-0.210873496
2021-03-22,5,-0.24731657,-0.220704682
2021-03-23,5,-0.24370238,-0.230796242
2021-03-24,5,-0.25388774,-0.23712705
2021-03-25,5,-0.24513075,-0.230887762
2021-03-26,5,-0.23292623,-0.220135852
2021-03-29,5,-0.22726528,-0.232803464
2021-03-30,5,-0.24382773,-0.241834756
2021-03-31,5,-0.23877518,-0.256136256
2021-04-01,5,-0.24921565,-0.23982575
2021-04-02,5,-0.28497872,-0.25172914
2021-04-06,5,-0.32682714,-0.277691954
2021-04-07,5,-0.3361158,-0.290909616
2021-04-08,5,-0.34172967,-0.296195896
2021-04-09,5,-0.33904395,-0.318324764
2021-04-12,5,-0.34242564,-0.324092122
2021-04-13,5,-0.33090842,-0.335726056
2021-04-14,5,-0.32018557,-0.336883564
2021-04-15,5,-0.3087348,-0.342842018
2021-04-16,5,-0.2992217,-0.342382852
2021-04-19,5,-0.28398284,-0.339856584
2021-04-20,5,-0.2874572,-0.330719918
2021-04-21,5,-0.31505153,-0.317840314
2021-04-22,5,-0.34966403,-0.319797618
2021-04-23,5,-0.36653024,-0.336345162
2021-04-26,5,-0.39521667,-0.36218206
2021-04-27,5,-0.40812945,-0.386613212
2021-04-28,5,-0.3894112,-0.403453828
2021-04-29,5,-0.36917016,-0.402645804
2021-04-30,5,-0.35533348,-0.382227688
2021-05-06,5,-0.3447949,-0.355282854
2021-05-07,5,-0.33890167,-0.345478524
2021-05-10,5,-0.35589424,-0.332574756
2021-05-11,5,-0.36699587,-0.321835678
2021-05-12,5,-0.36775023,-0.331256822
2021-05-13,5,-0.35592765,-0.359911346
2021-05-14,5,-0.35995275,-0.371072168
2021-05-17,5,-0.36544865,-0.387499576
2021-05-18,5,-0.3835733,-0.392937326
2021-05-19,5,-0.40005293,-0.398277046
2021-05-20,5,-0.41224006,-0.40002518
2021-05-21,5,-0.4183108,-0.40880269
2021-05-24,5,-0.439659,-0.39966446
2021-05-25,5,-0.42866153,-0.392614352
2021-05-26,5,-0.40794095,-0.37728638
2021-05-27,5,-0.38489884,-0.374961826
2021-05-28,5,-0.38234514,-0.36820933
2021-05-31,5,-0.38632035,-0.384837828
2021-06-01,5,-0.41754547,-0.400550432
2021-06-02,5,-0.44472256,-0.419942968
2021-06-03,5,-0.43502018,-0.433641562
2021-06-04,5,-0.41653535,-0.440383394
2021-06-07,5,-0.3919473,-0.434955232
2021-06-08,5,-0.3693302,-0.429574496
2021-06-09,5,-0.34367323,-0.408254034
2021-06-10,5,-0.3341555,-0.37861673
2021-06-11,5,-0.33768475,-0.36520887
2021-06-15,5,-0.3495088,-0.3578532
2021-06-16,5,-0.3567055,-0.36563398
2021-06-17,5,-0.36218515,-0.367049772
2021-06-18,5,-0.37380636,-0.360562192
2021-06-21,5,-0.37129566,-0.34841363
2021-06-22,5,-0.35323015,-0.355477784
2021-06-23,5,-0.3405272,-0.34500651
2021-06-24,5,-0.34334764,-0.34002437
2021-06-25,5,-0.36295506,-0.337311966
2021-06-28,5,-0.3808461,-0.339354598
2021-06-29,5,-0.40203646,-0.350370066
2021-06-30,5,-0.42448997,-0.381314482
2021-07-01,5,-0.4351481,-0.3917537
2021-07-02,5,-0.43571684,-0.406751536
2021-07-05,5,-0.43440256,-0.412116
2021-07-06,5,-0.41472322,-0.41930404
2021-07-07,5,-0.3915569,-0.402598606
2021-07-08,5,-0.38402396,-0.388641986
2021-07-09,5,-0.3645267,-0.366048996
2021-07-12,5,-0.33970457,-0.36135129
2021-07-13,5,-0.35396168,-0.335245462
2021-07-14,5,-0.36259,-0.329412644
2021-07-15,5,-0.36580715,-0.316837108
2021-07-16,5,-0.36595258,-0.321853022
2021-07-19,5,-0.3757237,-0.305439414
2021-07-20,5,-0.38807487,-0.30867459
2021-07-21,5,-0.3842896,-0.31563082
2021-07-22,5,-0.37021393,-0.347354406
2021-07-23,5,-0.38075882,-0.359536018
2021-07-26,5,-0.37112954,-0.373331306
2021-07-27,5,-0.36655116,-0.361758964
2021-07-28,5,-0.3647018,-0.355443776
2021-07-29,5,-0.36360338,-0.356749134
2021-07-30,5,-0.33353174,-0.343167156
2021-08-02,5,-0.29360268,-0.314897108
2021-08-03,5,-0.24928035,-0.299861114
2021-08-04,5,-0.23859479,-0.284366556
2021-08-05,5,-0.26642716,-0.262876054
2021-08-06,5,-0.3022362,-0.259802622
2021-08-09,5,-0.3108235,-0.2678563
2021-08-10,5,-0.32943478,-0.27876592
2021-08-11,5,-0.3220836,-0.291949712
2021-08-12,5,-0.32124877,-0.31044483
2021-08-13,5,-0.3099547,-0.321319134
2021-08-16,5,-0.32014027,-0.337678406
2021-08-17,5,-0.33417955,-0.34270381
2021-08-18,5,-0.34616354,-0.358250366
2021-08-19,5,-0.33658627,-0.364431988
2021-08-20,5,-0.32462156,-0.368520686
2021-08-23,5,-0.31387326,-0.366876248
2021-08-24,5,-0.29893073,-0.36156013
2021-08-25,5,-0.2879311,-0.34940668
2021-08-26,5,-0.31106445,-0.329508488
2021-08-27,5,-0.31802568,-0.316422928
2021-08-30,5,-0.32850453,-0.312820764
2021-08-31,5,-0.35671675,-0.311722724
2021-09-01,5,-0.36399868,-0.307664766
2021-09-02,5,-0.3560747,-0.318551426
2021-09-03,5,-0.34584227,-0.32108635
2021-09-06,5,-0.3581823,-0.32069084
2021-09-07,5,-0.36325178,-0.351388962
2021-09-08,5,-0.37885463,-0.367153188
2021-09-09,5,-0.39348984,-0.386651888
2021-09-10,5,-0.40785438,-0.39424136
2021-09-13,5,-0.41208044,-0.397503054
2021-09-14,5,-0.43366593,-0.404914928
2021-09-15,5,-0.43786728,-0.401985138
2021-09-16,5,-0.41914228,-0.394151206
2021-09-17,5,-0.4031806,-0.38842567
2021-09-22,5,-0.3849833,-0.383106264
2021-09-23,5,-0.35533696,-0.371145632
2021-09-24,5,-0.32615674,-0.368916856
2021-09-27,5,-0.33034497,-0.347635756
2021-09-28,5,-0.33375195,-0.343183342
2021-09-29,5,-0.35552955,-0.343397274
2021-09-30,5,-0.3691386,-0.347596806
2021-10-08,5,-0.36953694,-0.356495604
2021-10-11,5,-0.35723573,-0.374420838
2021-10-12,5,-0.35684308,-0.385395186
2021-10-13,5,-0.36471027,-0.3941473
2021-10-14,5,-0.35820076,-0.397256722
2021-10-15,5,-0.37519467,-0.397525366
2021-10-18,5,-0.37461424,-0.40353035
2021-10-19,5,-0.35785007,-0.404431586
2021-10-20,5,-0.3407129,-0.397075798
2021-10-21,5,-0.35504293,-0.381675816
2021-10-22,5,-0.36265418,-0.368996134
2021-10-25,5,-0.37367183,-0.363463236
2021-10-26,5,-0.38065928,-0.367351536
2021-10-27,5,-0.39202347,-0.374393314
2021-10-28,5,-0.38897192,-0.39179428
2021-10-29,5,-0.39057902,-0.406696542
2021-11-01,5,-0.38558385,-0.401047796
2021-11-02,5,-0.38732928,-0.401438416
2021-11-03,5,-0.36888877,-0.373738276
2021-11-04,5,-0.35873842,-0.353238372
2021-11-05,5,-0.35449284,-0.318500224
2021-11-08,5,-0.3692768,-0.298364974
2021-11-09,5,-0.3651199,-0.288357252
2021-11-10,5,-0.36100766,-0.313596244
2021-11-11,5,-0.37351096,-0.318402246
2021-11-12,5,-0.38899443,-0.347710868
2021-11-15,5,-0.38037357,-0.36163977
2021-11-16,5,-0.39242953,-0.378806354
2021-11-17,5,-0.4048681,-0.38675363
2021-11-18,5,-0.41002622,-0.399706514
2021-11-19,5,-0.42122695,-0.396497798
2021-11-22,5,-0.42197457,-0.411589196
2021-11-23,5,-0.41356504,-0.399397436
2021-11-24,5,-0.4141213,-0.384057226
2021-11-25,5,-0.4245606,-0.372907908
2021-11-26,5,-0.42929676,-0.36731162
2021-11-29,5,-0.44952288,-0.363558004
2021-11-30,5,-0.45179114,-0.387776844
2021-12-01,5,-0.43982053,-0.400811866
2021-12-02,5,-0.42465264,-0.416955644
2021-12-03,5,-0.41453075,-0.42629169
2021-12-06,5,-0.40810576,-0.423377418
2021-12-07,5,-0.4167901,-0.420409996
2021-12-08,5,-0.43136516,-0.425256612
2021-12-09,5,-0.4460263,-0.43063674
2021-12-10,5,-0.45513767,-0.441644648
2021-12-13,5,-0.47001383,-0.447627966
2021-12-14,5,-0.47176012,-0.448696726
2021-12-15,5,-0.48327205,-0.447390438
2021-12-16,5,-0.49700838,-0.44490822
2021-12-17,5,-0.4945052,-0.440610516
2021-12-20,5,-0.47232783,-0.42572312
2021-12-21,5,-0.456579,-0.430668562
2021-12-22,5,-0.43055686,-0.426627452
2021-12-23,5,-0.41357672,-0.42518791
2021-12-24,5,-0.40935022,-0.429628988
2021-12-27,5,-0.39557678,-0.427033558
2021-12-28,5,-0.39633754,-0.417693708
2021-12-29,5,-0.41748196,-0.407028212
2021-12-30,5,-0.4185159,-0.393624644
2021-12-31,5,-0.4173551,-0.40233446
2022-01-04,5,-0.4133631,-0.387874068
2022-01-05,5,-0.41738692,-0.383461136
2022-01-06,5,-0.4221101,-0.373157514
2022-01-07,5,-0.42010993,-0.385855056
2022-01-10,5,-0.43069407,-0.387250376
2022-01-11,5,-0.42788184,-0.42526656
2022-01-12,5,-0.40943706,-0.420611638
2022-01-13,5,-0.39257485,-0.440133384
2022-01-14,5,-0.39491642,-0.437611406
2022-01-17,5,-0.3967486,-0.42417115
2022-01-18,5,-0.39737418,-0.420556582
2022-01-19,5,-0.39641336,-0.405747218
2022-01-20,5,-0.40313312,-0.381693936
2022-01-21,5,-0.3917294,-0.36447625
2022-01-24,5,-0.39271182,-0.378633132
2022-01-25,5,-0.40876102,-0.38285331
2022-01-26,5,-0.41223368,-0.399622678
2022-01-27,5,-0.39036575,-0.407381952
2022-01-28,5,-0.37419525,-0.409935718
2022-02-07,5,-0.3469743,-0.397431026
2022-02-08,5,-0.32371497,-0.388262734
2022-02-09,5,-0.29281244,-0.37095311
2022-02-10,5,-0.30613956,-0.355008234
2022-02-11,5,-0.30247256,-0.349605542
2022-02-14,5,-0.3232872,-0.354769244
2022-02-15,5,-0.35418236,-0.367385874
2022-02-16,5,-0.35154915,-0.382853334
2022-02-17,5,-0.33536446,-0.383402696
2022-02-18,5,-0.31587976,-0.375183416
2022-02-21,5,-0.29398215,-0.359482806
2022-02-22,5,-0.28299594,-0.345969088
2022-02-23,5,-0.31045675,-0.336679602
2022-02-24,5,-0.33038116,-0.339379908
2022-02-25,5,-0.34427205,-0.356004616
2022-02-28,5,-0.35497233,-0.36700158
2022-03-01,5,-0.3526821,-0.360517266
2022-03-02,5,-0.34485242,-0.35821054
2022-03-03,5,-0.35439423,-0.34655334
2022-03-04,5,-0.34972918,-0.345296938
2022-03-07,5,-0.36849967,-0.34704001
2022-03-08,5,-0.37735757,-0.357179032
2022-03-09,5,-0.36994508,-0.369316338
2022-03-10,5,-0.33787253,-0.373324458
2022-03-11,5,-0.30583897,-0.367314678
2022-03-14,5,-0.2616695,-0.350384234
2022-03-15,5,-0.22371946,-0.317310386
2022-03-16,5,-0.20621486,-0.282984372
2022-03-17,5,-0.21692805,-0.266292256
2022-03-18,5,-0.22113346,-0.240449338
2022-03-21,5,-0.18830101,-0.225610372
2022-03-22,5,-0.13704173,-0.207396474
2022-03-23,5,-0.12784515,-0.202885542
2022-03-24,5,-0.19520561,-0.18750598
2022-03-25,5,-0.19928904,-0.192474132
2022-03-28,5,-0.16876148,-0.207091352
2022-03-29,5,-0.12671773,-0.218365592
2022-03-30,5,-0.09894273,-0.211419964
2022-03-31,5,-0.079918504,-0.212715402
2022-04-01,5,-0.08118288,-0.165902262
2022-04-06,5,-0.102456205,-0.161746323
2022-04-07,5,-0.15032183,-0.149433979
2022-04-08,5,-0.19529185,-0.142029235
2022-04-11,5,-0.24124007,-0.169737678
2022-04-12,5,-0.24906765,-0.206235801
2022-04-13,5,-0.25243306,-0.23691579
2022-04-14,5,-0.23530263,-0.25515671
2022-04-15,5,-0.21182692,-0.266360566
2022-04-18,5,-0.20781744,-0.25612503
2022-04-19,5,-0.20464198,-0.23868635
2022-04-20,5,-0.2343727,-0.21676357
2022-04-21,5,-0.24188483,-0.192751838
2022-04-22,5,-0.24969381,-0.170138824
2022-04-25,5,-0.22542185,-0.145933639
2022-04-26,5,-0.20228432,-0.166310775
2022-04-27,5,-0.17410316,-0.19250915
2022-04-28,5,-0.1364555,-0.199181904
2022-04-29,5,-0.0975099,-0.188599926
2022-05-05,5,-0.08513018,-0.153525884
2022-05-06,5,-0.052450363,-0.132807813
2022-05-09,5,-0.09324395,-0.11342954
2022-05-10,5,-0.15205303,-0.11103365
2022-05-11,5,-0.1609079,-0.100501082
2022-05-12,5,-0.1498246,-0.118425494
2022-05-13,5,-0.12251162,-0.120731821
2022-05-16,5,-0.094464324,-0.106778278
2022-05-17,5,-0.101691596,-0.120956014
2022-05-18,5,-0.13152489,-0.123216262
2022-05-19,5,-0.14673673,-0.136044672
2022-05-20,5,-0.16339499,-0.160428568
2022-05-23,5,-0.19139361,-0.183777991
2022-05-24,5,-0.2021867,-0.212523142
2022-05-25,5,-0.219222,-0.229971218
2022-05-26,5,-0.23120148,-0.24665267
2022-05-27,5,-0.2506355,-0.25439521
2022-05-30,5,-0.26439133,-0.262672372
2022-05-31,5,-0.25408512,-0.262742816
2022-06-01,5,-0.2384587,-0.2270034
2022-06-02,5,-0.26869312,-0.21522498
2022-06-06,5,-0.28223196,-0.223509726
2022-06-07,5,-0.28866217,-0.238219826
2022-06-08,5,-0.3094073,-0.265826418
2022-06-09,5,-0.32887957,-0.280899286
2022-06-10,5,-0.33208895,-0.296432734
2022-06-13,5,-0.34353328,-0.310593178
2022-06-14,5,-0.3554087,-0.338409748
2022-06-15,5,-0.35338286,-0.357610116
2022-06-16,5,-0.3527739,-0.368512734
2022-06-17,5,-0.3465036,-0.359897732
2022-06-20,5,-0.35426816,-0.357801242
2022-06-21,5,-0.34336865,-0.353428418
2022-06-22,5,-0.35588622,-0.352818232
2022-06-23,5,-0.35209203,-0.35918697
2022-06-24,5,-0.34245342,-0.357622696
2022-06-27,5,-0.34102017,-0.354435018
2022-06-28,5,-0.3392502,-0.350890512
2022-06-29,5,-0.33665675,-0.349433442
2022-06-30,5,-0.34995607,-0.34473929
2022-07-01,5,-0.38863218,-0.33483754
2022-07-04,5,-0.39893278,-0.362864132
2022-07-05,5,-0.3942762,-0.386395026
2022-07-06,5,-0.3770506,-0.406466938
2022-07-07,5,-0.34606987,-0.40019883
2022-07-08,5,-0.3365525,-0.391707604
2022-07-11,5,-0.3226854,-0.369268298
2022-07-12,5,-0.30980697,-0.358740044
2022-07-13,5,-0.2946727,-0.33732488
2022-07-14,5,-0.276904,-0.324483384
2022-07-15,5,-0.27364868,-0.310233758
2022-07-18,5,-0.26620546,-0.298756618
2022-07-19,5,-0.2491799,-0.278657498
2022-07-20,5,-0.25254226,-0.242392032
2022-07-21,5,-0.2725249,-0.201164414
2022-07-22,5,-0.2826483,-0.202184706
2022-07-25,5,-0.2907207,-0.24100795
2022-07-26,5,-0.3252716,-0.259912184
2022-07-27,5,-0.32980922,-0.273590274
2022-07-28,5,-0.32220617,-0.27733882
2022-07-29,5,-0.30249387,-0.289539668
2022-08-01,5,-0.3017849,-0.291966572
2022-08-02,5,-0.29939356,-0.301051462
2022-08-03,5,-0.31805345,-0.317064234
2022-08-04,5,-0.31700537,-0.30669615
2022-08-05,5,-0.31282735,-0.296610654
2022-08-08,5,-0.29414794,-0.290234736
2022-08-09,5,-0.28453654,-0.282358002
2022-08-10,5,-0.2606002,-0.27524073
2022-08-11,5,-0.27802026,-0.294698516
2022-08-12,5,-0.31430733,-0.303176602
2022-08-15,5,-0.33885026,-0.315371058
2022-08-16,5,-0.33665058,-0.32080973
2022-08-17,5,-0.3389928,-0.327054054
2022-08-18,5,-0.34451094,-0.339970666
2022-08-19,5,-0.35536242,-0.34898701
2022-08-22,5,-0.34515068,-0.371269384
2022-08-23,5,-0.3413168,-0.378388804
2022-08-24,5,-0.33803025,-0.3739463
2022-08-25,5,-0.33826265,-0.367157344
2022-08-26,5,-0.32629603,-0.35564066
2022-08-29,5,-0.32907897,-0.3368102
2022-08-30,5,-0.3343157,-0.335825616
2022-08-31,5,-0.32703108,-0.34285023
2022-09-01,5,-0.3184655,-0.333453436
2022-09-02,5,-0.33796662,-0.344484218
2022-09-05,5,-0.33339286,-0.354342592
2022-09-06,5,-0.32253766,-0.364157298
2022-09-07,5,-0.3107988,-0.360167056
2022-09-08,5,-0.31023034,-0.360202838
2022-09-09,5,-0.32386604,-0.345716624
2022-09-13,5,-0.34957215,-0.329246124
2022-09-14,5,-0.3781102,-0.320297664
2022-09-15,5,-0.40167597,-0.325811732
2022-09-16,5,-0.40078336,-0.346977008
2022-09-19,5,-0.38935384,-0.378166788
2022-09-20,5,-0.3754159,-0.403357284
2022-09-21,5,-0.3383296,-0.409219282
2022-09-22,5,-0.29507533,-0.397901754
2022-09-23,5,-0.2670315,-0.3648303
2022-09-26,5,-0.25136307,-0.334720028
2022-09-27,5,-0.26540402,-0.310258746
2022-09-28,5,-0.28202176,-0.296341664
2022-09-29,5,-0.28383473,-0.295685994
2022-09-30,5,-0.27962345,-0.302350004
2022-10-10,5,-0.27915898,-0.298867164
2022-10-11,5,-0.28236645,-0.296179408
2022-10-12,5,-0.29498345,-0.296195692
2022-10-13,5,-0.2767075,-0.294983676
2022-10-14,5,-0.27079237,-0.292241208
2022-10-17,5,-0.26437384,-0.286792446
2022-10-18,5,-0.26237312,-0.288047762
2022-10-19,5,-0.29247808,-0.275374426
2022-10-20,5,-0.33229193,-0.272921326
2022-10-21,5,-0.34233752,-0.298447868
2022-10-24,5,-0.35314855,-0.320888432
2022-10-25,5,-0.3295587,-0.330753208
2022-10-26,5,-0.29023975,-0.33187762
2022-10-27,5,-0.2508281,-0.298733914
2022-10-28,5,-0.24079573,-0.253933124
2022-10-31,5,-0.23151068,-0.222471004
2022-11-01,5,-0.2231375,-0.201197058
2022-11-02,5,-0.24390554,-0.197832596
2022-11-03,5,-0.25854135,-0.218514612
2022-11-04,5,-0.24712178,-0.226568384
2022-11-07,5,-0.24297954,-0.229018332
2022-11-08,5,-0.28461167,-0.233858588
2022-11-09,5,-0.3382516,-0.244422418
2022-11-10,5,-0.34670472,-0.276023936
2022-11-11,5,-0.33990747,-0.306330812
2022-11-14,5,-0.33892593,-0.335417304
2022-11-15,5,-0.30402368,-0.357650512
2022-11-16,5,-0.26041225,-0.35832076
2022-11-17,5,-0.25044245,-0.337486398
2022-11-18,5,-0.2623847,-0.31230689
2022-11-21,5,-0.28633654,-0.293067156
2022-11-22,5,-0.30638096,-0.28017451
2022-11-23,5,-0.32566538,-0.283309158
2022-11-24,5,-0.31424162,-0.294868244
2022-11-25,5,-0.30101725,-0.312962738
2022-11-28,5,-0.2883196,-0.333525958
2022-11-29,5,-0.29220235,-0.34780422
2022-11-30,5,-0.30835724,-0.353167464
2022-12-01,5,-0.33043978,-0.352764786
2022-12-02,5,-0.34852484,-0.35196805
2022-12-05,5,-0.36950105,-0.350307758
2022-12-06,5,-0.3873924,-0.359243968
2022-12-07,5,-0.41681585,-0.375018788
2022-12-08,5,-0.4138811,-0.391719394
2022-12-09,5,-0.41031626,-0.404033286
2022-12-12,5,-0.40152213,-0.405343232
2022-12-13,5,-0.39794344,-0.393789584
2022-12-14,5,-0.3688062,-0.373020072
2022-12-15,5,-0.354113,-0.352089386
2022-12-16,5,-0.34321126,-0.345019102
2022-12-19,5,-0.33628124,-0.350727568
2022-12-20,5,-0.32216418,-0.361782022
2022-12-21,5,-0.33114064,-0.371064944
2022-12-22,5,-0.33596689,-0.37456859
2022-12-23,5,-0.32847166,-0.374785084
2022-12-26,5,-0.3144898,-0.369723694
2022-12-27,5,-0.2940912,-0.35648897
2022-12-28,5,-0.29794008,-0.338961854
2022-12-29,5,-0.31695282,-0.32475771
2022-12-30,5,-0.33164185,-0.317837536
2023-01-03,5,-0.35036278,-0.327633294
2023-01-04,5,-0.37752745,-0.34469456
2023-01-05,5,-0.39685288,-0.372774562
2023-01-06,5,-0.39646944,-0.3942102
2023-01-09,5,-0.40304384,-0.40511884
2023-01-10,5,-0.42240506,-0.409912557
2023-01-11,5,-0.4350563,-0.40763421
2023-01-12,5,-0.43782705,-0.38638127
