bank,dataset,sentiment_specification,MSE,MAE,RMSE,R2,MAPE,MSPE
CNCB,test,without sentiment,0.0006723716,0.014447476,0.025930129,0.8727270549501949,4.046008363366127,0.6106465589255095
CNCB,test,with sentiment,0.0005054099,0.016243925,0.022481324,0.922408274750432,5.603934079408646,1.3175048865377903
BOC,test,without sentiment,0.0008022489,0.016764652,0.028323999,0.7397422071165589,14.982660114765167,26.87864005565644
BOC,test,with sentiment,0.00021959507,0.011556671,0.01481874,0.9427336409266917,8.797015994787216,7.091410458087921
BCM,test,without sentiment,0.0065632164,0.058252655,0.08101368,0.836360311416235,66.49351119995117,1398.1968879699707
BCM,test,with sentiment,0.0014919506,0.029916959,0.038625777,0.9744529024650848,63.57513666152954,1723.9269256591797
CIB,test,without sentiment,0.04666326,0.11615152,0.2160168,0.4999820351293146,7.352940738201141,1.7340125516057014
CIB,test,with sentiment,0.006271015,0.059756123,0.07918974,0.9336854035415456,5.044364184141159,0.788011122494936
BOB,test,without sentiment,0.00037865888,0.01521498,0.01945916,0.9025130832921106,28.51066291332245,422.1371650695801
BOB,test,with sentiment,0.00033255338,0.014339926,0.018236047,0.9393850541031036,21.94325625896454,45.75552046298981
HB,test,without sentiment,0.0013416265,0.023457948,0.03662822,0.4542881725698522,10.505341738462448,3.206724300980568
HB,test,with sentiment,0.00011875497,0.008324452,0.010897475,0.9528591247546496,5.08057177066803,1.198915671557188
BON,test,without sentiment,0.059302066,0.18825553,0.24352016,-2.0898718673311545,4757.676315307617,127606175.0
BON,test,with sentiment,0.015630564,0.08434605,0.12502225,0.2430358233636945,3845.983123779297,67187568.75
NBCB,test,without sentiment,0.05905951,0.14016588,0.24302162,0.4042719892537985,8.896036446094513,2.456473186612129
NBCB,test,with sentiment,0.010282853,0.076295204,0.1014044,0.889634522533719,5.9908512979745865,1.0301530361175537
ICBC,test,without sentiment,0.0017634415,0.017609198,0.04199335,0.3783733245898937,8.089762181043625,5.557557567954063
ICBC,test,with sentiment,0.0002011325,0.010539682,0.014182119,0.9297320095862026,6.567025929689407,3.194591030478477
PAB,test,without sentiment,0.0028822056,0.025245192,0.05368618,0.6240014039500732,13.902302086353302,14.95896428823471
PAB,test,with sentiment,0.0003135625,0.012960032,0.017707696,0.949077804943664,15.764473378658296,13.118889927864076
CCB,test,without sentiment,0.00012861965,0.008581906,0.0113410605,0.9038279182688996,28.41988503932953,1913.8433456420896
CCB,test,with sentiment,0.000107457185,0.007868047,0.010366156,0.9348851407334248,10.42473018169403,10.015266388654709
CMB,test,without sentiment,0.0009825027,0.024043515,0.031344898,0.6860817363185007,17.147105932235718,33.15702974796295
CMB,test,with sentiment,0.00078441296,0.02035867,0.028007373,0.7853893919622557,20.60528546571732,64.08568024635315
CMBC,test,without sentiment,0.011565324,0.07374405,0.107542194,-0.2457580891885822,13.20844739675522,3.346988931298256
CMBC,test,with sentiment,0.0036590134,0.046884194,0.06048978,0.5579704385303142,9.144657105207443,1.3266201131045818
SPDB,test,without sentiment,0.0065087504,0.047240254,0.080676824,0.7093428507412787,5.07948249578476,0.7256363518536091
SPDB,test,with sentiment,0.00066327077,0.01927399,0.025754044,0.9776426340900684,2.359064854681492,0.1619966817088425
