model,n,MSE,RMSE,MAE,R2
baseline,672,0.000394631861546777,0.01986534322750999,0.014601044035714283,0.951823985516102
Support Vector Regressor,672,0.0022574017780163597,0.047512122432242065,0.043325368524172035,0.7244200700687662
Decision Tree Regressor,672,0.0007857739199799824,0.028031659244147186,0.020436710543295645,0.9040740005086036
GradientBoostingRegressor,672,0.00043806780914026005,0.020930069496785244,0.01566870830204571,0.946521395826097
LSTM,672,0.0009314990332801313,0.030520469086829764,0.02265526809375,0.8862841161807173
CNN,672,0.0007442070074224703,0.027280157760219612,0.02105005223363095,0.9091484214475837
PatchTST,672,0.0007585480546408339,0.02754175111790886,0.02037605353422619,0.9073976897763036
iTransformer,672,0.0008506251970702437,0.029165479544664506,0.021001805241071432,0.8961570622964837
Persistence,672,0.00046014415969336346,0.021450971066442736,0.01622150674991531,0.9438263509307626
AR1,672,0.0004578688766074574,0.021397870842853908,0.01623142751718592,0.944104113781618
ETS_ANN,672,0.0004601447763037068,0.021450985438988737,0.0162215171530965,0.9438262756559769
