date,银行间同业拆借加权利率:3个月
2004-05-24,3.9778
2004-05-26,2.85
2004-06-17,3.6
2004-06-24,3.275
2004-06-28,3.9
2004-06-30,2.8
2004-07-01,5.553
2004-07-02,3.2
2004-07-12,2.8534
2004-07-16,2.85
2004-07-20,3.0
2004-07-21,2.821
2004-07-26,4.3012
2004-07-27,3.6
2004-08-02,3.29
2004-08-06,3.5
2004-08-09,4.0
2004-08-17,3.5
2004-09-07,3.6
2004-09-14,2.75
2004-09-22,3.7
2004-09-27,4.1081
2004-10-12,3.2
2004-10-18,3.2
2004-10-29,3.2
2004-11-08,2.75
2004-11-30,3.0
2004-12-02,3.0
2004-12-22,3.2
2005-01-04,2.5
2005-01-05,3.15
2005-01-06,4.57
2005-01-07,2.6
2005-01-10,3.6
2005-01-12,3.8
2005-01-14,2.5861
2005-01-17,3.4
2005-01-18,2.35
2005-01-20,3.25
2005-01-21,3.4
2005-01-24,2.9
2005-01-25,2.5
2005-01-31,2.85
2005-02-02,3.3
2005-03-01,4.98
2005-03-04,4.38
2005-03-07,2.5
2005-03-14,3.6
2005-03-15,3.38
2005-03-18,2.2
2005-03-21,2.4559
2005-03-22,2.25
2005-03-24,2.2742
2005-03-28,4.98
2005-03-31,2.9
2005-04-11,2.9
2005-04-15,2.4
2005-04-19,2.2
2005-04-22,2.2
2005-04-25,2.1
2005-04-28,2.3
2005-05-09,2.5
2005-05-24,1.5
2005-05-25,2.0
2005-05-30,2.5
2005-06-03,4.38
2005-06-10,2.1
2005-06-15,3.38
2005-06-17,2.5
2005-06-20,2.2
2005-06-21,2.5
2005-06-27,2.0
2005-06-29,2.3
2005-07-05,4.1486
2005-07-07,4.6638
2005-07-19,4.078
2005-07-22,2.3
2005-07-26,2.0
2005-08-05,2.8957
2005-08-17,2.7
2005-08-29,2.5
2005-09-06,4.38
2005-09-15,2.7
2005-09-20,1.95
2005-10-14,2.0
2005-10-31,2.2
2005-11-02,2.3
2005-11-08,2.2
2005-11-17,1.5863
2005-12-02,2.1
2005-12-07,2.4
2005-12-08,2.3
2005-12-15,2.9
2005-12-20,1.7175
2005-12-21,1.7088
2005-12-26,1.6988
2005-12-27,2.5
2006-01-10,2.18
2006-01-16,1.9
2006-01-18,2.05
2006-01-25,2.5
2006-01-27,1.8901
2006-02-08,2.1
2006-02-10,2.4
2006-02-17,2.1611
2006-02-23,2.2
2006-03-02,2.127
2006-03-10,2.05
2006-03-16,2.4
2006-03-20,2.2
2006-03-22,2.4
2006-03-24,2.4
2006-04-13,2.4
2006-04-14,2.1
2006-04-27,2.5814
2006-05-10,2.3738
2006-05-17,3.1
2006-05-19,3.1
2006-05-22,2.57
2006-05-29,2.5
2006-05-30,2.5
2006-05-31,2.68
2006-06-02,2.3566
2006-06-05,2.7
2006-06-07,2.3
2006-06-08,2.5
2006-06-09,2.5
2006-06-13,2.6366
2006-06-14,2.65
2006-06-15,2.75
2006-06-20,3.6
2006-06-26,3.2359
2006-06-27,3.2167
2006-06-28,2.8125
2006-06-29,3.4
2006-07-05,2.6439
2006-07-10,2.8
2006-07-18,2.95
2006-07-19,2.7313
2006-07-27,2.97
2006-07-31,3.2
2006-08-03,3.0
2006-08-17,3.3529
2006-08-21,3.2
2006-08-22,2.85
2006-08-28,3.2
2006-08-31,2.9
2006-09-01,2.953
2006-09-05,3.0
2006-09-07,2.9
2006-09-14,2.7407
2006-09-15,2.9954
2006-09-20,3.2964
2006-09-25,2.95
2006-09-28,2.6
2006-09-29,3.0
2006-10-19,2.8017
2006-10-20,3.0
2006-11-03,2.8
2006-11-09,3.3
2006-11-10,3.35
2006-11-14,2.995
2006-11-17,2.7818
2006-11-20,2.8382
2006-11-21,3.4977
2006-11-27,3.6
2006-11-29,3.5
2006-11-30,3.0212
2006-12-01,2.8223
2006-12-05,3.0409
2006-12-08,2.75
2006-12-12,2.8
2006-12-13,2.9041
2006-12-14,3.1347
2006-12-15,2.984
2006-12-18,2.8915
2006-12-19,2.808
2006-12-20,2.8165
2006-12-22,2.92
2006-12-25,2.838
2006-12-26,3.2583
2007-01-04,3.1
2007-01-15,2.75
2007-01-16,2.7
2007-01-17,2.8
2007-01-18,2.7975
2007-01-22,2.9125
2007-01-23,2.8
2007-01-24,3.0364
2007-01-30,2.8048
2007-02-05,3.1444
2007-02-07,2.9
2007-02-08,3.0
2007-02-09,3.3217
2007-02-13,3.6
2007-02-26,3.08
2007-02-28,2.65
2007-03-01,2.8468
2007-03-02,3.1
2007-03-07,2.85
2007-03-08,2.8
2007-03-09,2.92
2007-03-15,2.82
2007-03-19,3.35
2007-03-20,3.0984
2007-03-23,3.1167
2007-03-26,2.85
2007-03-27,2.8
2007-03-30,2.9976
2007-04-02,3.1
2007-04-03,2.87
2007-04-04,2.8235
2007-04-11,2.905
2007-04-17,3.05
2007-04-18,2.9131
2007-04-23,3.89
2007-04-24,4.0
2007-04-26,3.2
2007-04-27,3.5
2007-05-08,4.0082
2007-05-10,2.98
2007-05-11,2.98
2007-05-14,2.8857
2007-05-15,2.88
2007-05-16,2.88
2007-05-17,2.8802
2007-05-18,2.88
2007-05-22,2.96
2007-05-31,3.5362
2007-06-01,3.18
2007-06-04,3.6
2007-06-07,3.1222
2007-06-08,2.95
2007-06-11,3.412
2007-06-12,3.5
2007-06-14,3.41
2007-06-18,3.42
2007-06-19,3.6
2007-06-21,3.2
2007-06-26,2.96
2007-06-28,3.1173
2007-07-03,3.5
2007-07-04,3.151
2007-07-18,3.2298
2007-07-19,3.2
2007-07-20,3.4
2007-07-23,3.2943
2007-07-25,3.25
2007-07-30,3.215
2007-07-31,3.5676
2007-08-03,3.4
2007-08-06,3.4
2007-08-07,3.215
2007-08-08,3.2076
2007-08-09,3.3417
2007-08-14,3.25
2007-08-15,3.4
2007-08-16,3.4102
2007-08-17,3.4
2007-08-20,3.237
2007-08-23,3.4505
2007-08-24,3.4417
2007-08-27,3.8636
2007-08-28,3.39
2007-08-29,3.3793
2007-08-31,3.2702
2007-09-03,3.28
2007-09-04,3.282
2007-09-05,3.2868
2007-09-12,3.45
2007-09-13,3.7609
2007-09-18,3.6538
2007-09-19,3.651
2007-09-21,5.5143
2007-09-24,4.2
2007-09-25,4.339
2007-09-27,3.6643
2007-09-29,4.0
2007-09-30,3.9306
2007-10-08,3.95
2007-10-09,3.8343
2007-10-11,4.0
2007-10-16,4.1012
2007-10-17,4.1127
2007-10-19,4.1469
2007-10-22,5.05
2007-10-23,4.2321
2007-10-24,4.78
2007-10-25,4.5083
2007-10-26,5.52
2007-10-29,9.4
2007-10-31,4.3
2007-11-01,4.4
2007-11-06,4.1859
2007-11-08,4.0605
2007-11-12,4.5
2007-11-15,5.5
2007-11-21,5.3
2007-11-22,4.4545
2007-11-23,5.9504
2007-11-26,5.5
2007-11-27,4.4922
2007-11-28,5.8866
2007-11-30,5.1208
2007-12-04,4.48
2007-12-05,5.3
2007-12-18,5.6
2007-12-20,4.34
2007-12-24,4.89
2007-12-25,4.4188
2007-12-26,4.9414
2007-12-27,4.7354
2008-01-02,5.0
2008-01-08,4.77
2008-01-10,4.4043
2008-01-11,4.472
2008-01-14,5.5652
2008-01-15,5.55
2008-01-16,5.8
2008-01-18,4.4686
2008-01-21,4.8996
2008-01-23,4.5181
2008-01-24,5.1
2008-01-25,4.8
2008-02-03,4.558
2008-02-05,4.4276
2008-02-14,4.7272
2008-02-15,4.7382
2008-02-18,4.5345
2008-02-19,4.5086
2008-02-20,4.6376
2008-02-21,4.5098
2008-02-22,4.5976
2008-02-25,4.5093
2008-02-26,4.5089
2008-02-27,4.4599
2008-02-28,4.4874
2008-02-29,4.4829
2008-03-03,4.8752
2008-03-04,4.501
2008-03-05,4.4947
2008-03-06,4.495
2008-03-07,4.4947
2008-03-10,4.4924
2008-03-11,4.5749
2008-03-12,4.5067
2008-03-13,4.4921
2008-03-14,4.4831
2008-03-17,4.5354
2008-03-18,4.4539
2008-03-19,4.4388
2008-03-20,4.4364
2008-03-21,4.44
2008-03-24,4.4913
2008-03-25,4.4546
2008-03-26,4.4502
2008-03-27,4.4625
2008-03-28,4.4897
2008-03-31,4.6628
2008-04-01,4.4915
2008-04-02,4.4963
2008-04-03,4.4939
2008-04-07,4.4917
2008-04-08,4.4984
2008-04-09,4.4927
2008-04-10,4.4941
2008-04-11,4.4808
2008-04-14,4.4994
2008-04-15,4.4886
2008-04-16,4.5285
2008-04-17,4.478
2008-04-18,4.4789
2008-04-21,4.4981
2008-04-22,4.4947
2008-04-23,4.587
2008-04-24,4.458
2008-04-25,4.4924
2008-04-28,4.4563
2008-04-29,4.4719
2008-04-30,4.5753
2008-05-04,4.5947
2008-05-05,4.5851
2008-05-06,4.4954
2008-05-07,4.4974
2008-05-08,4.5397
2008-05-09,4.4981
2008-05-12,4.6877
2008-05-13,4.4995
2008-05-14,4.7153
2008-05-15,4.6085
2008-05-16,4.547
2008-05-19,4.52
2008-05-20,4.5827
2008-05-21,4.527
2008-05-22,4.4945
2008-05-23,4.7706
2008-05-26,4.4938
2008-05-27,4.5297
2008-05-28,4.5154
2008-05-29,4.5043
2008-05-30,4.5778
2008-06-02,4.4373
2008-06-03,4.4627
2008-06-04,4.4552
2008-06-05,4.485
2008-06-06,4.4871
2008-06-10,4.5377
2008-06-11,4.4817
2008-06-12,4.4861
2008-06-13,4.4707
2008-06-16,4.4566
2008-06-17,4.5143
2008-06-18,4.4583
2008-06-19,4.4607
2008-06-20,4.4744
2008-06-23,4.5042
2008-06-24,4.4769
2008-06-25,4.4774
2008-06-26,4.5434
2008-06-27,4.1745
2008-06-30,4.6182
2008-07-01,4.5146
2008-07-02,4.505
2008-07-03,4.4755
2008-07-04,4.4833
2008-07-07,4.3007
2008-07-08,4.4442
2008-07-09,4.4331
2008-07-10,4.4906
2008-07-11,4.4228
2008-07-14,4.4407
2008-07-15,4.4527
2008-07-16,4.4392
2008-07-17,4.4426
2008-07-18,4.4475
2008-07-21,4.4243
2008-07-22,4.4188
2008-07-23,4.5343
2008-07-24,4.3653
2008-07-25,4.3936
2008-07-28,4.3538
2008-07-29,4.3414
2008-07-30,4.3636
2008-07-31,4.3686
2008-08-01,4.334
2008-08-04,4.354
2008-08-05,4.4566
2008-08-06,4.4197
2008-08-07,4.3422
2008-08-08,4.3666
2008-08-11,4.3506
2008-08-12,4.3312
2008-08-13,4.3605
2008-08-14,4.3305
2008-08-15,4.5876
2008-08-18,4.3915
2008-08-19,4.3349
2008-08-20,4.3482
2008-08-21,4.4023
2008-08-22,4.3499
2008-08-25,4.4269
2008-08-26,4.348
2008-08-27,4.3302
2008-08-28,4.3788
2008-08-29,4.2873
2008-09-01,4.338
2008-09-02,4.3218
2008-09-03,4.3268
2008-09-04,4.3239
2008-09-05,4.3565
2008-09-08,4.3333
2008-09-09,4.3403
2008-09-10,4.3509
2008-09-11,4.3428
2008-09-12,4.6544
2008-09-16,4.4002
2008-09-17,4.3694
2008-09-18,4.3261
2008-09-19,4.348
2008-09-22,4.3566
2008-09-23,4.3605
2008-09-24,4.3648
2008-09-25,4.3754
2008-09-26,4.4445
2008-09-27,4.33
2008-09-28,4.33
2008-10-06,4.3633
2008-10-07,4.3563
2008-10-08,4.4715
2008-10-09,5.0994
2008-10-10,4.2581
2008-10-13,4.2675
2008-10-14,4.2505
2008-10-15,4.249
2008-10-16,4.2461
2008-10-17,4.2123
2008-10-20,4.2169
2008-10-21,4.2035
2008-10-22,4.1756
2008-10-23,4.2708
2008-10-24,4.1442
2008-10-27,4.1461
2008-10-28,4.1616
2008-10-29,4.16
2008-10-30,4.1275
2008-10-31,4.0905
2008-11-03,4.0737
2008-11-04,4.0562
2008-11-05,4.13
2008-11-06,4.09
2008-11-07,4.0078
2008-11-10,3.9821
2008-11-11,3.9719
2008-11-12,3.9024
2008-11-13,3.9776
2008-11-14,3.8333
2008-11-17,3.7966
2008-11-18,3.7925
2008-11-19,3.8301
2008-11-20,3.6341
2008-11-21,3.6501
2008-11-24,3.5566
2008-11-25,3.54
2008-11-27,3.03
2008-11-28,3.7281
2008-12-03,2.7
2008-12-04,2.7
2008-12-08,3.0909
2008-12-09,2.8318
2008-12-11,3.744
2008-12-12,3.2907
2008-12-15,3.0
2008-12-24,3.1428
2008-12-26,2.2593
2008-12-30,1.75
2009-01-05,1.6369
2009-01-12,2.2
2009-01-14,3.0
2009-01-15,1.4928
2009-01-19,1.47
2009-01-20,1.47
2009-01-21,3.0
2009-01-22,1.6333
2009-01-23,2.446
2009-01-24,1.4
2009-02-02,1.3472
2009-02-03,1.4
2009-02-04,1.4149
2009-02-05,1.6824
2009-02-06,1.345
2009-02-09,1.33
2009-02-10,1.37
2009-02-16,1.3
2009-02-18,1.37
2009-02-19,2.3091
2009-02-24,1.28
2009-02-25,1.5854
2009-02-26,1.28
2009-02-27,1.3427
2009-03-03,1.2957
2009-03-05,1.2319
2009-03-09,1.87
2009-03-10,2.07
2009-03-11,1.65
2009-03-12,2.1722
2009-03-18,1.3066
2009-03-19,1.64
2009-03-20,1.5762
2009-03-24,2.2145
2009-03-26,1.3318
2009-03-31,1.5275
2009-04-02,2.0222
2009-04-07,3.1
2009-04-10,3.5
2009-04-14,1.8957
2009-04-15,1.26
2009-04-21,1.6
2009-04-22,1.5857
2009-04-23,1.3778
2009-04-24,1.2909
2009-04-27,2.0333
2009-04-28,1.7333
2009-05-05,1.2791
2009-05-06,1.25
2009-05-07,1.2
2009-05-11,1.5157
2009-05-12,1.2
2009-05-14,2.4
2009-05-15,2.4
2009-05-18,1.65
2009-05-22,1.21
2009-05-25,1.5
2009-05-26,1.5833
2009-05-27,1.4023
2009-06-01,1.1164
2009-06-03,1.6
2009-06-04,1.23
2009-06-09,1.2701
2009-06-11,2.1866
2009-06-12,1.22
2009-06-15,1.46
2009-06-16,1.375
2009-06-17,1.3235
2009-06-24,1.5484
2009-06-25,2.8
2009-06-26,1.3978
2009-06-29,1.45
2009-06-30,1.6333
2009-07-03,1.65
2009-07-08,1.6
2009-07-09,1.55
2009-07-10,3.5
2009-07-13,3.3
2009-07-14,1.7364
2009-07-16,1.6909
2009-07-17,2.6929
2009-07-20,2.07
2009-07-21,1.9916
2009-07-23,1.7051
2009-07-24,1.7137
2009-08-05,1.7711
2009-08-10,2.0425
2009-08-11,1.72
2009-08-12,1.785
2009-08-13,1.65
2009-08-18,2.0
2009-08-19,2.0
2009-08-26,3.21
2009-08-27,1.8333
2009-08-28,2.04
2009-09-01,1.6767
2009-09-03,2.1848
2009-09-04,1.74
2009-09-07,3.3
2009-09-09,3.01
2009-09-10,3.5
2009-09-14,3.0554
2009-09-15,2.0174
2009-09-17,1.8
2009-09-22,2.085
2009-09-23,2.06
2009-09-25,1.8768
2009-09-29,1.948
2009-09-30,1.77
2009-10-09,2.06
2009-10-10,3.5
2009-10-12,1.8049
2009-10-13,1.8099
2009-10-14,1.8138
2009-10-15,1.79
2009-10-16,2.07
2009-10-19,1.9567
2009-10-22,1.93
2009-10-23,1.8312
2009-10-26,1.78
2009-11-02,1.78
2009-11-05,1.8933
2009-11-09,1.8
2009-11-12,1.868
2009-11-16,1.8385
2009-11-17,2.0
2009-11-23,2.0167
2009-11-24,3.5
2009-11-25,1.8003
2009-11-26,1.832
2009-11-27,1.8185
2009-11-30,1.8041
2009-12-01,1.9
2009-12-02,1.9062
2009-12-04,1.8482
2009-12-07,3.3
2009-12-08,1.848
2009-12-09,1.8213
2009-12-10,1.9621
2009-12-11,3.5
2009-12-15,1.8295
2009-12-16,1.8836
2009-12-17,1.8679
2009-12-18,1.8238
2009-12-23,1.9312
2009-12-24,2.0638
2009-12-25,1.9074
2010-01-08,3.0447
2010-01-11,2.172
2010-01-12,1.95
2010-01-13,2.2004
2010-01-14,2.7084
2010-01-18,3.3
2010-01-19,1.79
2010-01-20,1.85
2010-01-22,1.9314
2010-01-25,1.9047
2010-01-26,1.78
2010-01-27,1.9579
2010-01-28,2.1068
2010-01-29,2.2071
2010-02-01,2.0186
2010-02-03,1.94
2010-02-04,2.25
2010-02-05,2.0333
2010-02-08,1.9378
2010-02-10,2.0443
2010-02-22,1.9347
2010-02-23,1.9273
2010-02-24,2.026
2010-02-25,2.35
2010-02-26,2.0742
2010-03-01,1.9487
2010-03-02,2.0138
2010-03-03,1.952
2010-03-04,2.15
2010-03-05,4.94
2010-03-08,2.77
2010-03-10,1.9704
2010-03-11,1.9762
2010-03-15,1.9407
2010-03-16,2.24
2010-03-17,2.14
2010-03-23,3.3
2010-03-24,2.1889
2010-03-25,2.1317
2010-03-26,1.9673
2010-03-30,1.9678
2010-03-31,2.1908
2010-04-01,2.588
2010-04-02,4.2
2010-04-06,1.9333
2010-04-08,2.0306
2010-04-09,2.0052
2010-04-12,1.9972
2010-04-13,2.08
2010-04-14,1.9923
2010-04-15,2.1088
2010-04-16,1.691
2010-04-19,2.0974
2010-04-20,1.788
2010-04-22,2.0567
2010-04-26,1.9288
2010-04-27,1.9918
2010-04-28,1.9217
2010-04-30,1.8
2010-05-05,1.9587
2010-05-06,2.1
2010-05-10,1.93
2010-05-11,1.6
2010-05-12,1.9627
2010-05-13,1.9318
2010-05-14,1.9617
2010-05-17,2.15
2010-05-18,1.9916
2010-05-20,2.1667
2010-05-25,1.9684
2010-05-26,2.4501
2010-05-27,2.7059
2010-05-28,2.4168
2010-05-31,2.7
2010-06-01,2.35
2010-06-02,3.3
2010-06-07,2.9148
2010-06-22,3.9905
2010-06-23,3.5111
2010-06-24,3.4546
2010-06-25,2.7917
2010-06-28,3.8127
2010-06-29,3.8625
2010-07-01,3.534
2010-07-06,3.0
2010-07-07,3.1764
2010-07-08,2.68
2010-07-12,2.9661
2010-07-13,2.4963
2010-07-14,2.7229
2010-07-15,3.7
2010-07-16,2.55
2010-07-19,2.6367
2010-07-20,3.7
2010-07-21,2.4525
2010-07-22,2.586
2010-07-23,2.55
2010-07-26,2.4761
2010-07-27,2.5561
2010-07-28,2.4742
2010-07-29,2.42
2010-07-30,2.45
2010-08-04,2.4808
2010-08-05,2.4425
2010-08-09,2.4509
2010-08-10,2.8458
2010-08-12,2.5646
2010-08-16,2.25
2010-08-18,2.3355
2010-08-19,2.4
2010-08-20,2.407
2010-08-23,2.36
2010-08-24,2.5744
2010-08-25,2.3886
2010-08-26,2.3802
2010-08-27,2.83
2010-09-01,2.6151
2010-09-03,2.6
2010-09-06,2.6563
2010-09-07,2.6133
2010-09-08,2.5175
2010-09-09,2.56
2010-09-10,2.5388
2010-09-13,2.4698
2010-09-15,2.8
2010-09-16,2.8
2010-09-20,3.2931
2010-09-21,3.5
2010-09-25,2.7042
2010-09-27,2.9
2010-09-28,2.8405
2010-09-29,2.8092
2010-09-30,2.6
2010-10-08,3.0262
2010-10-11,3.2667
2010-10-12,2.7795
2010-10-13,2.812
2010-10-14,2.7988
2010-10-15,2.8096
2010-10-18,2.7805
2010-10-19,2.744
2010-10-20,2.4333
2010-10-21,2.79
2010-10-22,2.8332
2010-10-25,2.7916
2010-10-26,3.44
2010-10-27,2.85
2010-10-28,3.3
2010-11-01,2.83
2010-11-03,2.8
2010-11-04,3.0
2010-11-05,2.9077
2010-11-08,2.8038
2010-11-10,2.85
2010-11-12,2.9811
2010-11-16,3.39
2010-11-17,3.3096
2010-11-22,2.51
2010-11-23,3.6
2010-11-24,3.4382
2010-11-26,3.2889
2010-11-29,3.2923
2010-11-30,4.1656
2010-12-01,3.361
2010-12-02,3.9277
2010-12-03,4.0133
2010-12-06,3.8562
2010-12-07,3.9
2010-12-08,3.872
2010-12-09,4.1946
2010-12-10,3.7851
2010-12-13,4.2
2010-12-14,4.2589
2010-12-15,4.2273
2010-12-17,4.6115
2010-12-20,4.5059
2010-12-21,4.8115
2010-12-22,4.9833
2010-12-23,5.4709
2010-12-24,5.0821
2010-12-27,5.55
2010-12-28,5.1238
2010-12-29,5.5
2010-12-30,4.62
2011-01-04,4.6
2011-01-05,4.5575
2011-01-06,4.4406
2011-01-07,4.4287
2011-01-10,4.4045
2011-01-11,4.3009
2011-01-12,4.5167
2011-01-13,4.3321
2011-01-14,4.0451
2011-01-17,5.0963
2011-01-19,4.7
2011-01-20,5.1673
2011-01-21,5.0322
2011-01-24,7.125900000000001
2011-01-26,7.116700000000001
2011-01-27,5.7113
2011-01-28,7.142499999999999
2011-01-30,6.8
2011-02-01,5.7437
2011-02-10,4.9071
2011-02-11,5.5415
2011-02-12,4.9534
2011-02-14,4.6
2011-02-15,4.5639
2011-02-16,4.6854
2011-02-17,4.9595
2011-02-18,4.8
2011-02-21,6.2
2011-02-23,5.0
2011-02-24,4.8938
2011-02-28,4.8284
2011-03-01,4.588
2011-03-02,4.1566
2011-03-03,3.8852
2011-03-04,4.12
2011-03-07,4.8457
2011-03-08,3.7643
2011-03-09,4.2811
2011-03-10,4.5
2011-03-14,4.2781
2011-03-16,4.2629
2011-03-17,4.28
2011-03-18,3.4233
2011-03-21,5.6
2011-03-22,5.9
2011-03-23,4.45
2011-03-24,4.3517
2011-03-25,4.5388
2011-03-28,3.8317
2011-03-29,4.02
2011-03-30,3.1141
2011-04-01,5.0
2011-04-02,3.5333
2011-04-06,3.8144
2011-04-07,4.286
2011-04-08,3.7402
2011-04-11,3.9148
2011-04-12,5.8068
2011-04-13,4.1
2011-04-14,3.85
2011-04-15,4.387
2011-04-18,4.0327
2011-04-19,4.8
2011-04-21,4.2724
2011-04-22,4.3771
2011-04-26,4.3646
2011-04-28,4.3
2011-04-29,4.3855
2011-05-04,5.275
2011-05-05,4.5101
2011-05-06,4.5007
2011-05-10,4.91
2011-05-11,4.3868
2011-05-12,4.0554
2011-05-13,4.4328
2011-05-16,5.4667
2011-05-17,4.9091
2011-05-20,4.6308
2011-05-23,6.2
2011-05-25,5.6256
2011-05-26,4.9824
2011-05-27,4.8758
2011-05-30,4.5
2011-05-31,5.2848
2011-06-01,4.7121
2011-06-02,4.68
2011-06-07,4.6024
2011-06-08,4.925
2011-06-09,5.0571
2011-06-10,4.9974
2011-06-13,5.44
2011-06-14,5.0
2011-06-15,6.5
2011-06-16,7.3
2011-06-17,6.5
2011-06-20,4.9898
2011-06-22,6.7319
2011-06-23,6.8375
2011-06-24,6.529699999999999
2011-06-27,6.45
2011-06-28,6.2272
2011-06-29,6.46
2011-06-30,6.4382
2011-07-04,6.0
2011-07-05,6.3229
2011-07-07,6.447100000000001
2011-07-08,6.3065
2011-07-11,5.0857
2011-07-12,6.2
2011-07-13,5.241
2011-07-14,6.7
2011-07-15,5.6
2011-07-18,5.3167
2011-07-20,5.544
2011-07-21,6.0502
2011-07-22,5.8911
2011-07-26,5.6
2011-07-27,6.284300000000001
2011-07-29,6.097500000000001
2011-08-01,7.2
2011-08-03,5.5
2011-08-05,5.8987
2011-08-08,5.3
2011-08-09,5.7275
2011-08-10,5.6998
2011-08-11,5.4813
2011-08-12,5.0
2011-08-15,5.55
2011-08-16,6.835699999999999
2011-08-17,5.5034
2011-08-18,5.18
2011-08-23,5.4246
2011-08-29,5.6355
2011-08-30,5.6471
2011-08-31,5.8347
2011-09-01,5.6806
2011-09-02,5.5392
2011-09-05,5.8249
2011-09-06,7.0
2011-09-07,5.7593
2011-09-08,5.6541
2011-09-09,5.7087
2011-09-13,5.8182
2011-09-14,5.075
2011-09-16,5.4
2011-09-19,5.5
2011-09-20,5.5
2011-09-21,5.6064
2011-09-23,5.7403
2011-09-26,5.5
2011-09-27,5.6
2011-09-28,5.7178
2011-09-29,6.7448
2011-10-08,5.6898
2011-10-09,5.6731
2011-10-10,5.6928
2011-10-11,5.5875
2011-10-12,5.5981
2011-10-13,5.9
2011-10-17,6.383299999999999
2011-10-18,5.77
2011-10-20,5.52
2011-10-21,5.7211
2011-10-24,6.894
2011-10-25,7.1
2011-10-26,5.582
2011-10-27,5.6
2011-10-28,5.7643
2011-10-31,5.048
2011-11-01,5.95
2011-11-02,5.8528
2011-11-03,5.7498
2011-11-04,5.7798
2011-11-07,5.6333
2011-11-08,5.8
2011-11-09,6.53
2011-11-10,5.8146
2011-11-11,5.7449
2011-11-14,5.990899999999999
2011-11-15,5.7076
2011-11-16,5.65
2011-11-17,5.6
2011-11-21,5.8
2011-11-22,5.847
2011-11-23,5.6767
2011-11-24,5.7627
2011-11-25,6.5054
2011-11-28,5.8295
2011-11-29,5.7561
2011-11-30,5.8155
2011-12-01,5.4
2011-12-02,5.15
2011-12-05,4.5
2011-12-07,5.5
2011-12-08,6.0
2011-12-12,7.2
2011-12-13,5.4472
2011-12-14,5.7
2011-12-15,6.5348999999999995
2011-12-20,5.4
2011-12-21,6.5333
2011-12-22,6.2
2011-12-23,6.05
2011-12-30,5.975
2012-01-04,6.725
2012-01-09,5.4
2012-01-11,6.5
2012-01-13,5.6
2012-01-16,5.4498
2012-01-17,5.5147
2012-01-18,5.5911
2012-01-19,5.5498
2012-01-31,5.4668
2012-02-02,4.9
2012-02-03,5.32
2012-02-07,5.3201
2012-02-09,5.1127
2012-02-10,5.1176
2012-02-13,5.0502
2012-02-14,5.0719
2012-02-15,5.455
2012-02-16,5.284
2012-02-17,5.3061
2012-02-20,5.9620999999999995
2012-02-22,5.4025
2012-02-24,6.4342
2012-02-27,5.4
2012-02-28,4.8987
2012-02-29,5.7943
2012-03-01,5.32
2012-03-05,6.3
2012-03-06,4.3
2012-03-08,5.2897
2012-03-09,5.2
2012-03-12,6.5
2012-03-13,4.4075
2012-03-15,5.6981
2012-03-16,6.3
2012-03-20,6.190899999999999
2012-03-26,6.1514
2012-03-27,5.0122
2012-03-28,6.5
2012-03-30,4.6
2012-04-01,6.2
2012-04-05,6.0
2012-04-06,5.476
2012-04-10,6.0
2012-04-11,6.05
2012-04-12,4.8374
2012-04-13,4.6
2012-04-16,4.6
2012-04-17,4.679
2012-04-24,5.4
2012-04-25,6.4
2012-04-27,4.7113
2012-05-02,4.8
2012-05-04,4.2
2012-05-08,4.2103
2012-05-09,3.8938
2012-05-11,4.62
2012-05-14,4.5389
2012-05-17,4.2
2012-05-18,4.8612
2012-05-21,4.8501
2012-05-22,5.2778
2012-05-23,4.6933
2012-05-24,4.7
2012-05-28,3.7795
2012-05-30,4.4532
2012-05-31,4.4993
2012-06-01,6.64
2012-06-04,5.6
2012-06-05,3.4318
2012-06-07,3.474
2012-06-08,3.3858
2012-06-12,6.424
2012-06-13,3.905
2012-06-14,3.4
2012-06-19,3.4
2012-06-25,6.075
2012-06-27,3.6989
2012-06-28,4.0
2012-06-29,4.0778
2012-07-02,5.7333
2012-07-03,4.9
2012-07-04,4.77
2012-07-05,4.5479
2012-07-09,3.7277
2012-07-12,3.2976
2012-07-13,3.82
2012-07-16,4.2086
2012-07-19,3.5736
2012-07-20,3.58
2012-07-25,6.4
2012-07-26,4.5
2012-07-30,3.6244
2012-08-01,3.5
2012-08-02,3.5
2012-08-03,3.7571
2012-08-08,3.6097
2012-08-09,3.35
2012-08-10,3.6501
2012-08-13,5.0
2012-08-14,3.6192
2012-08-15,4.2
2012-08-16,3.6606
2012-08-17,4.0
2012-08-20,3.7263
2012-08-21,3.7236
2012-08-22,3.9215
2012-08-23,3.7058
2012-08-24,3.5158
2012-08-27,3.7657
2012-08-28,3.75
2012-08-29,5.4
2012-08-30,4.5622
2012-09-03,5.0
2012-09-04,3.6074
2012-09-05,3.9
2012-09-06,4.0734
2012-09-10,5.2746
2012-09-11,5.1031
2012-09-12,4.0071
2012-09-13,3.85
2012-09-14,3.7501
2012-09-17,3.7
2012-09-18,4.1091
2012-09-20,5.2
2012-09-21,4.3567
2012-09-24,4.6
2012-09-25,4.3205
2012-09-26,3.747
2012-09-27,3.7
2012-09-28,3.8311
2012-10-08,4.7995
2012-10-09,4.1195
2012-10-10,3.935
2012-10-11,3.85
2012-10-12,3.8
2012-10-15,3.6778
2012-10-18,3.2485
2012-10-19,3.8
2012-10-23,3.6203
2012-10-24,3.6463
2012-10-29,3.85
2012-10-30,3.7664
2012-10-31,3.7185
2012-11-01,3.7164
2012-11-05,3.8797
2012-11-06,3.75
2012-11-07,3.73
2012-11-08,3.755
2012-11-09,3.8475
2012-11-14,3.7699
2012-11-15,3.771
2012-11-20,3.7893
2012-11-22,4.5
2012-11-23,4.5
2012-11-26,4.4971
2012-11-27,4.5413
2012-11-28,4.4106
2012-11-29,3.821
2012-11-30,5.2714
2012-12-03,3.8147
2012-12-05,4.7347
2012-12-06,3.9577
2012-12-07,4.14
2012-12-10,4.6063
2012-12-12,4.1135
2012-12-13,4.7543
2012-12-14,3.9
2012-12-17,4.4722
2012-12-18,4.6531
2012-12-19,4.7619
2012-12-20,5.0909
2012-12-26,5.4
2012-12-27,4.7143
2013-01-04,3.9528
2013-01-05,4.5057
2013-01-06,4.8519
2013-01-07,4.2208
2013-01-08,4.329
2013-01-09,4.2247
2013-01-10,3.887
2013-01-11,3.9877
2013-01-14,4.1694
2013-01-15,3.98
2013-01-16,3.7676
2013-01-17,4.225
2013-01-18,4.1471
2013-01-21,4.1297
2013-01-22,3.8254
2013-01-23,4.456
2013-01-24,3.8711
2013-01-25,3.8818
2013-01-29,4.2071
2013-01-30,4.7106
2013-02-01,3.7355
2013-02-04,3.9388
2013-02-07,3.8937
2013-02-18,3.875
2013-02-19,3.936
2013-02-22,3.5509
2013-02-26,4.0882
2013-02-27,5.0191
2013-03-01,3.559
2013-03-04,4.725
2013-03-05,5.0467
2013-03-07,4.4114
2013-03-11,3.85
2013-03-15,4.1
2013-03-18,3.88
2013-03-20,4.2376
2013-03-21,4.5152
2013-03-22,4.1
2013-03-25,4.95
2013-03-26,3.3
2013-03-27,4.2773
2013-03-28,4.1106
2013-03-29,4.0
2013-04-02,3.9306
2013-04-03,3.7915
2013-04-07,3.7
2013-04-08,4.3251
2013-04-09,4.3692
2013-04-10,3.7
2013-04-11,3.692
2013-04-15,3.9308
2013-04-16,4.5621
2013-04-17,4.53
2013-04-18,3.9305
2013-04-19,3.8953
2013-04-22,4.2513
2013-04-23,4.1889
2013-04-24,3.8
2013-04-25,4.5718
2013-04-26,3.4389
2013-04-28,4.6
2013-05-02,3.4417
2013-05-06,4.3
2013-05-08,3.9321
2013-05-09,3.9319
2013-05-10,3.9316
2013-05-13,4.4591
2013-05-15,3.9701
2013-05-16,4.7
2013-05-17,4.4
2013-05-20,3.925
2013-05-22,4.2426
2013-05-23,4.5821
2013-05-24,4.5877
2013-05-27,4.5132
2013-05-28,3.8732
2013-05-29,3.35
2013-05-31,4.3337
2013-06-03,5.1
2013-06-04,4.45
2013-06-05,4.3325
2013-06-06,5.0026
2013-06-07,5.6413
2013-06-08,6.2
2013-06-13,5.7727
2013-06-14,6.0
2013-06-17,5.1
2013-06-18,5.4715
2013-06-19,6.15
2013-06-20,6.452300000000001
2013-06-21,9.8942
2013-06-24,6.0
2013-06-25,5.4
2013-06-26,7.109500000000001
2013-06-27,9.0
2013-07-02,5.8
2013-07-03,6.3
2013-07-05,5.0
2013-07-08,4.8058
2013-07-09,4.5419
2013-07-10,4.8045
2013-07-11,4.8
2013-07-15,5.4641
2013-07-16,4.9974
2013-07-19,5.2357
2013-07-22,5.3076
2013-07-24,5.6143
2013-07-25,5.1659
2013-07-26,5.2012
2013-07-29,5.7
2013-07-30,5.3
2013-07-31,5.2311
2013-08-01,5.5
2013-08-02,4.9364
2013-08-06,4.8972
2013-08-07,4.9
2013-08-09,5.4778
2013-08-13,5.3707
2013-08-15,4.965
2013-08-16,4.9762
2013-08-21,5.15
2013-08-22,5.6375
2013-08-23,5.5
2013-08-26,5.4876
2013-08-27,5.0845
2013-08-28,5.55
2013-08-29,4.8
2013-08-30,5.5163
2013-09-02,5.95
2013-09-03,5.4794
2013-09-06,5.6873
2013-09-10,5.5
2013-09-11,5.004
2013-09-12,5.4927
2013-09-13,5.4017
2013-09-16,4.9751
2013-09-17,5.554
2013-09-18,5.5815
2013-09-22,5.3371
2013-09-23,6.0817
2013-09-24,4.6198
2013-09-27,5.0811
2013-09-29,5.6
2013-10-08,5.4308
2013-10-09,5.5455
2013-10-10,5.4421
2013-10-12,5.1934
2013-10-14,5.2434
2013-10-15,5.1832
2013-10-16,5.1079
2013-10-17,5.2631
2013-10-18,5.5216
2013-10-21,5.2484
2013-10-22,5.5722
2013-10-23,5.3518
2013-10-24,5.5138
2013-10-25,5.6077
2013-10-31,4.5
2013-11-01,5.3
2013-11-05,5.293
2013-11-06,5.2852
2013-11-07,5.54
2013-11-11,5.796
2013-11-12,5.7286
2013-11-13,6.0
2013-11-14,6.487500000000001
2013-11-15,6.689500000000001
2013-11-18,6.4508
2013-11-19,6.8248
2013-11-20,6.8065
2013-11-21,6.661900000000001
2013-11-22,6.817900000000001
2013-11-25,7.105100000000001
2013-11-26,6.9346
2013-11-27,5.85
2013-11-28,6.8
2013-11-29,6.3676
2013-12-02,4.6
2013-12-04,4.8
2013-12-05,6.67
2013-12-06,5.8676
2013-12-10,5.4527
2013-12-11,5.5416
2013-12-12,5.0833
2013-12-13,6.080099999999999
2013-12-16,5.5081
2013-12-17,4.9
2013-12-18,7.5556
2013-12-19,7.7273
2013-12-20,7.875
2013-12-23,7.925699999999999
2013-12-24,4.8
2013-12-26,6.012899999999999
2013-12-27,6.0085
2013-12-30,6.0341
2014-01-02,6.261
2014-01-03,6.5574
2014-01-06,4.8
2014-01-07,6.8
2014-01-08,6.2
2014-01-09,4.8
2014-01-10,6.5114
2014-01-14,6.8
2014-01-15,6.448300000000001
2014-01-16,6.4049
2014-01-17,5.9182
2014-01-20,6.0417
2014-01-21,5.175
2014-01-22,5.6304
2014-01-23,6.538499999999999
2014-01-24,5.1
2014-01-26,7.3
2014-01-27,6.4613
2014-01-28,6.1714
2014-01-29,4.9848
2014-01-30,4.5
2014-02-08,6.3
2014-02-10,6.0926
2014-02-11,5.5333
2014-02-12,6.2044
2014-02-13,5.991
2014-02-14,6.7795000000000005
2014-02-17,5.8664
2014-02-18,5.8
2014-02-19,5.7792
2014-02-20,5.3909
2014-02-21,5.0
2014-02-24,5.5627
2014-02-26,5.5841
2014-02-27,5.7
2014-02-28,5.1564
2014-03-03,5.4882
2014-03-04,5.0769
2014-03-05,4.8927
2014-03-06,5.04
2014-03-07,5.6
2014-03-10,6.2904
2014-03-11,5.4573
2014-03-12,5.4393
2014-03-13,5.6605
2014-03-14,4.96
2014-03-17,4.5174
2014-03-18,4.8117
2014-03-19,5.2265
2014-03-20,3.9682
2014-03-21,5.3327
2014-03-24,5.5
2014-03-27,4.8
2014-03-28,4.7172
2014-03-31,3.85
2014-04-01,5.5
2014-04-02,5.8333
2014-04-03,5.8601
2014-04-04,5.5
2014-04-08,5.8571
2014-04-09,5.9
2014-04-10,5.0523
2014-04-11,4.9662
2014-04-14,5.3225
2014-04-15,5.4474
2014-04-16,4.533
2014-04-17,4.24
2014-04-18,4.4528
2014-04-21,5.7
2014-04-22,4.4231
2014-04-23,4.95
2014-04-24,3.85
2014-04-25,5.7
2014-04-28,5.2
2014-04-29,4.4
2014-04-30,4.3
2014-05-04,4.4
2014-05-06,4.2551
2014-05-07,5.0682
2014-05-08,4.5385
2014-05-09,3.9917
2014-05-12,4.6848
2014-05-13,5.5
2014-05-14,4.7
2014-05-16,4.5143
2014-05-19,4.5101
2014-05-20,4.4211
2014-05-21,5.1151
2014-05-22,5.0976
2014-05-23,4.5297
2014-05-27,4.0333
2014-05-28,4.9314
2014-05-29,5.2
2014-05-30,5.5381
2014-06-03,4.75
2014-06-04,5.4505
2014-06-05,4.6
2014-06-06,4.889
2014-06-09,5.6
2014-06-10,4.1056
2014-06-11,4.4
2014-06-12,4.3966
2014-06-13,4.25
2014-06-17,4.3878
2014-06-18,4.6969
2014-06-19,5.1194
2014-06-20,5.1127
2014-06-23,5.0112
2014-06-24,5.0474
2014-06-25,5.2397
2014-06-26,3.8
2014-06-30,4.65
2014-07-02,4.4579
2014-07-03,5.6
2014-07-04,4.4883
2014-07-08,5.5091
2014-07-09,4.3167
2014-07-14,5.5054
2014-07-15,5.4034
2014-07-16,4.2458
2014-07-17,3.9695
2014-07-21,5.4257
2014-07-22,4.9496
2014-07-23,4.8241
2014-07-24,4.8228
2014-07-28,4.6517
2014-07-29,4.7
2014-07-30,4.7316
2014-08-01,5.0
2014-08-05,5.1786
2014-08-06,4.7588
2014-08-08,5.8
2014-08-11,5.75
2014-08-12,4.5075
2014-08-13,4.2734
2014-08-14,4.5092
2014-08-18,4.2032
2014-08-19,3.9017
2014-08-20,5.2857
2014-08-21,4.6461
2014-08-22,5.0
2014-08-25,4.7893
2014-08-26,5.3566
2014-08-27,4.4544
2014-08-28,4.7779
2014-08-29,4.7
2014-09-01,4.6641
2014-09-02,4.6727
2014-09-03,5.4447
2014-09-04,4.6552
2014-09-05,5.5177
2014-09-09,5.5988
2014-09-10,4.8572
2014-09-11,4.6505
2014-09-12,4.6427
2014-09-15,3.9375
2014-09-16,4.713
2014-09-17,4.8395
2014-09-18,4.7967
2014-09-19,4.75
2014-09-22,4.7679
2014-09-23,4.5075
2014-09-24,4.8833
2014-09-25,4.6647
2014-10-08,4.54
2014-10-11,4.75
2014-10-13,5.5643
2014-10-14,3.9183
2014-10-15,4.6106
2014-10-16,4.4992
2014-10-17,5.3
2014-10-20,4.15
2014-10-21,5.0333
2014-10-22,4.85
2014-10-23,4.645
2014-10-24,4.6353
2014-10-28,4.1644
2014-10-29,4.6105
2014-10-30,4.65
2014-10-31,4.4262
2014-11-03,4.4274
2014-11-04,5.0128
2014-11-05,4.3
2014-11-06,5.1743
2014-11-07,5.293
2014-11-10,5.0035
2014-11-11,4.4
2014-11-12,4.6423
2014-11-13,4.25
2014-11-14,3.9246
2014-11-17,4.2
2014-11-18,5.5586
2014-11-19,4.8571
2014-11-21,6.4
2014-11-24,6.6436
2014-11-25,4.3741
2014-11-26,4.725
2014-11-27,4.7834
2014-11-28,4.4013
2014-12-01,4.3
2014-12-02,4.3926
2014-12-03,4.9802
2014-12-04,4.5854
2014-12-05,5.0234
2014-12-08,5.2842
2014-12-09,4.9779
2014-12-10,4.5203
2014-12-12,5.2485
2014-12-15,5.5667
2014-12-16,5.5
2014-12-17,5.6097
2014-12-18,5.9786
2014-12-19,5.9084
2014-12-22,7.2124999999999995
2014-12-23,6.285699999999999
2014-12-24,6.376499999999999
2014-12-25,6.009
2014-12-26,4.95
2014-12-29,5.2951
2014-12-31,5.5
2015-01-04,5.138
2015-01-05,5.05
2015-01-06,4.8
2015-01-07,5.0128
2015-01-08,5.0757
2015-01-09,5.2376
2015-01-12,5.2783
2015-01-13,5.4314
2015-01-14,4.9846
2015-01-15,5.0138
2015-01-16,4.912
2015-01-19,6.0
2015-01-20,4.89
2015-01-21,4.9031
2015-01-22,4.8864
2015-01-23,5.2015
2015-01-26,5.1044
2015-01-27,5.225
2015-01-29,5.1223
2015-02-04,5.4908
2015-02-05,5.3
2015-02-06,5.4286
2015-02-09,5.0132
2015-02-10,5.6
2015-02-11,5.45
2015-02-12,5.3255
2015-02-13,5.4431
2015-02-16,5.6
2015-02-26,5.3063
2015-02-27,5.25
2015-02-28,5.35
2015-03-02,4.9384
2015-03-03,5.3606
2015-03-04,5.1
2015-03-05,5.3667
2015-03-06,5.0
2015-03-10,5.162
2015-03-11,5.1914
2015-03-12,5.3
2015-03-13,5.3719
2015-03-16,5.2857
2015-03-17,5.183
2015-03-18,5.3169
2015-03-19,5.18
2015-03-20,5.2211
2015-03-23,5.3551
2015-03-24,5.3042
2015-03-25,5.0905
2015-03-27,5.25
2015-03-30,5.35
2015-03-31,5.0
2015-04-01,4.8995
2015-04-02,5.0
2015-04-03,5.1
2015-04-07,4.8902
2015-04-08,4.9
2015-04-09,4.2646
2015-04-10,4.8875
2015-04-13,5.6
2015-04-14,4.85
2015-04-15,5.0429
2015-04-16,4.94
2015-04-17,4.7413
2015-04-20,5.262
2015-04-21,4.5
2015-04-22,4.2182
2015-04-23,4.3706
2015-04-24,4.375
2015-04-27,4.9917
2015-04-28,3.8
2015-04-29,4.4885
2015-04-30,3.55
2015-05-04,4.0994
2015-05-05,4.25
2015-05-06,3.2451
2015-05-07,3.17
2015-05-08,4.15
2015-05-11,3.8941
2015-05-12,5.0198
2015-05-13,4.2382
2015-05-15,3.8652
2015-05-18,3.2634
2015-05-20,2.5
2015-05-21,3.0381
2015-05-25,3.3424
2015-05-26,3.8625
2015-05-27,2.9964
2015-05-28,2.9462
2015-05-29,2.85
2015-06-03,4.5384
2015-06-04,3.05
2015-06-05,2.6
2015-06-08,3.5763
2015-06-09,4.0485
2015-06-10,3.347
2015-06-11,3.1729
2015-06-12,3.3043
2015-06-15,3.2018
2015-06-16,3.5
2015-06-17,3.4428
2015-06-18,5.4891
2015-06-19,3.105
2015-06-23,4.0042
2015-06-24,3.6
2015-06-25,4.0907
2015-06-26,4.8846
2015-06-29,3.0535
2015-06-30,3.6615
2015-07-01,3.4082
2015-07-02,3.8458
2015-07-03,3.27
2015-07-06,4.6006
2015-07-07,3.5842
2015-07-08,3.6667
2015-07-09,4.4692
2015-07-10,4.1881
2015-07-13,4.5949
2015-07-14,3.5067
2015-07-15,3.3014
2015-07-16,3.4232
2015-07-17,4.0784
2015-07-20,6.4
2015-07-21,3.7833
2015-07-22,3.5761
2015-07-23,4.1286
2015-07-27,5.6
2015-07-28,4.2145
2015-07-29,3.425
2015-07-30,3.4
2015-07-31,3.2154
2015-08-03,3.4286
2015-08-04,3.9659
2015-08-05,3.4679
2015-08-06,3.6506
2015-08-07,3.2345
2015-08-10,4.1774
2015-08-11,3.1667
2015-08-12,3.1667
2015-08-13,3.3522
2015-08-14,3.05
2015-08-17,3.0012
2015-08-18,3.1
2015-08-19,3.09
2015-08-20,4.0386
2015-08-21,3.09
2015-08-24,6.4
2015-08-25,3.2908
2015-08-26,3.28
2015-08-27,3.25
2015-08-28,3.25
2015-08-31,3.3
2015-09-01,3.35
2015-09-02,3.2661
2015-09-06,3.3
2015-09-07,4.1933
2015-09-09,4.4629
2015-09-10,3.2773
2015-09-11,3.6727
2015-09-14,3.3214
2015-09-15,3.1389
2015-09-16,4.3876
2015-09-17,4.1013
2015-09-18,3.47
2015-09-21,3.2855
2015-09-22,3.5733
2015-09-23,3.8582
2015-09-24,3.6485
2015-09-25,3.1537
2015-09-28,3.1808
2015-09-29,3.05
2015-09-30,3.5
2015-10-08,3.403
2015-10-09,4.0048
2015-10-10,4.7185
2015-10-12,3.55
2015-10-13,4.1453
2015-10-14,3.55
2015-10-15,3.55
2015-10-16,3.6
2015-10-19,3.1783
2015-10-20,4.1081
2015-10-21,3.8073
2015-10-22,3.2
2015-10-23,3.4
2015-10-26,3.0226
2015-10-27,5.019
2015-10-28,3.1
2015-10-29,3.16
2015-10-30,4.0667
2015-11-03,3.2
2015-11-04,3.0858
2015-11-05,3.1476
2015-11-09,3.8462
2015-11-11,4.0
2015-11-12,3.6221
2015-11-13,3.4
2015-11-16,3.272
2015-11-17,3.07
2015-11-18,3.4422
2015-11-19,3.1117
2015-11-20,3.3167
2015-11-23,3.5117
2015-11-24,3.637
2015-11-25,3.1136
2015-11-26,3.1942
2015-11-27,3.0781
2015-11-30,3.4
2015-12-01,3.3143
2015-12-02,3.3067
2015-12-03,3.0236
2015-12-04,3.5333
2015-12-07,3.9755
2015-12-08,3.4596
2015-12-09,3.0212
2015-12-10,3.0101
2015-12-11,3.1345
2015-12-14,3.5333
2015-12-15,3.08
2015-12-16,3.096
2015-12-17,3.1992
2015-12-18,3.0871
2015-12-21,3.4862
2015-12-22,3.3337
2015-12-23,3.2359
2015-12-24,3.3204
2015-12-25,3.3571
2015-12-28,3.1313
2015-12-29,3.3091
2015-12-30,3.4125
2015-12-31,3.18
2016-01-04,3.2663
2016-01-05,3.2333
2016-01-06,3.2547
2016-01-07,3.2227
2016-01-08,3.2439
2016-01-11,3.7532
2016-01-12,3.2051
2016-01-13,3.3932
2016-01-14,2.8627
2016-01-15,3.2143
2016-01-19,3.8683
2016-01-20,3.5704
2016-01-21,3.567
2016-01-22,3.031
2016-01-25,3.4744
2016-01-26,3.2952
2016-01-27,3.2914
2016-01-28,3.9071
2016-01-29,3.591
2016-02-01,3.6646
2016-02-02,4.17
2016-02-03,3.1027
2016-02-04,3.2172
2016-02-05,3.0
2016-02-06,3.058
2016-02-15,3.2584
2016-02-16,3.1944
2016-02-17,3.214
2016-02-18,3.0002
2016-02-22,2.87
2016-02-23,3.2654
2016-02-24,4.1603
2016-02-25,3.35
2016-02-26,3.1103
2016-02-29,3.3
2016-03-01,3.36
2016-03-02,3.2409
2016-03-03,3.1698
2016-03-04,2.85
2016-03-07,3.4542
2016-03-08,2.8583
2016-03-09,2.8854
2016-03-10,2.9929
2016-03-11,3.5825
2016-03-14,2.8342
2016-03-15,2.8306
2016-03-16,3.0
2016-03-17,2.7978
2016-03-18,2.8841
2016-03-21,2.9416
2016-03-22,3.1364
2016-03-23,3.2479
2016-03-24,3.2943
2016-03-25,3.2587
2016-03-28,2.8505
2016-03-29,2.8631
2016-03-30,3.3346
2016-04-01,3.23
2016-04-05,3.1311
2016-04-06,3.1911
2016-04-07,3.1035
2016-04-08,3.1804
2016-04-11,4.0125
2016-04-12,3.3309
2016-04-13,3.1414
2016-04-14,3.3535
2016-04-15,3.3
2016-04-18,3.1158
2016-04-19,3.4693
2016-04-20,3.8474
2016-04-21,3.0167
2016-04-22,3.3652
2016-04-25,3.1753
2016-04-26,3.7429
2016-04-28,3.6933
2016-04-29,2.87
2016-05-03,2.8745
2016-05-04,3.5571
2016-05-05,3.159
2016-05-06,2.894
2016-05-09,3.4388
2016-05-10,2.9799
2016-05-11,3.3309
2016-05-12,2.9528
2016-05-13,3.0351
2016-05-16,3.0061
2016-05-17,3.1857
2016-05-18,3.437
2016-05-19,3.5376
2016-05-20,3.05
2016-05-23,3.4614
2016-05-24,3.351
2016-05-25,3.0101
2016-05-26,3.0714
2016-05-27,3.2
2016-05-30,3.0345
2016-05-31,3.0292
2016-06-01,2.9437
2016-06-02,3.1361
2016-06-03,3.4316
2016-06-06,3.004
2016-06-07,3.3679
2016-06-08,2.9857
2016-06-12,3.4115
2016-06-13,3.0429
2016-06-14,2.891
2016-06-15,3.5685
2016-06-17,3.0756
2016-06-20,3.3484
2016-06-21,3.35
2016-06-22,3.4091
2016-06-23,3.25
2016-06-24,3.2932
2016-06-27,3.3243
2016-06-28,3.0564
2016-06-29,3.768
2016-06-30,3.3667
2016-07-04,3.15
2016-07-05,3.3
2016-07-07,3.35
2016-07-08,3.15
2016-07-11,3.7135
2016-07-12,3.181
2016-07-13,2.8
2016-07-14,3.2227
2016-07-15,2.888
2016-07-18,3.0996
2016-07-19,2.874
2016-07-20,3.3431
2016-07-21,3.1548
2016-07-22,3.4468
2016-07-25,3.2862
2016-07-26,2.9188
2016-07-27,3.3458
2016-07-28,2.983
2016-07-29,3.0232
2016-08-01,3.0488
2016-08-02,3.25
2016-08-03,2.9106
2016-08-04,3.2348
2016-08-05,4.0
2016-08-08,2.9778
2016-08-09,2.9088
2016-08-10,3.0737
2016-08-11,3.1846
2016-08-12,3.2855
2016-08-16,2.8
2016-08-17,3.0484
2016-08-18,3.1257
2016-08-19,3.293
2016-08-22,3.82
2016-08-23,2.8605
2016-08-24,3.1711
2016-08-25,3.4233
2016-08-26,2.85
2016-08-29,2.8545
2016-08-30,2.7
2016-08-31,3.3431
2016-09-01,3.2909
2016-09-02,2.7995
2016-09-05,2.8611
2016-09-06,3.0664
2016-09-07,3.1
2016-09-08,3.65
2016-09-09,2.7885
2016-09-12,2.8078
2016-09-13,2.871
2016-09-14,2.914
2016-09-18,3.07
2016-09-19,2.9103
2016-09-20,2.9293
2016-09-21,3.2664
2016-09-22,3.0389
2016-09-23,2.8397
2016-09-26,2.9192
2016-09-27,3.0047
2016-09-28,3.1823
2016-09-29,2.8261
2016-09-30,3.1462
2016-10-08,2.9726
2016-10-09,2.9944
2016-10-10,2.9556
2016-10-11,2.9842
2016-10-12,2.8829
2016-10-13,3.3019
2016-10-14,2.8593
2016-10-17,2.9189
2016-10-18,2.9375
2016-10-19,3.03
2016-10-20,3.2731
2016-10-21,3.0106
2016-10-24,3.1267
2016-10-25,3.0219
2016-10-27,3.4325
2016-10-28,3.0283
2016-11-01,2.9335
2016-11-02,2.9
2016-11-03,3.0842
2016-11-04,2.9583
2016-11-07,3.0609
2016-11-08,3.29
2016-11-09,3.4583
2016-11-10,3.7051
2016-11-11,3.2488
2016-11-14,3.1563
2016-11-15,3.2777
2016-11-16,3.3854
2016-11-17,3.4697
2016-11-18,3.4652
2016-11-21,3.4763
2016-11-22,3.511
2016-11-23,3.6184
2016-11-24,3.5536
2016-11-25,3.4828
2016-11-28,3.3871
2016-11-29,3.0172
2016-11-30,3.3195
2016-12-01,3.5
2016-12-02,3.99
2016-12-05,3.6484
2016-12-06,3.7
2016-12-07,3.6944
2016-12-08,4.06
2016-12-09,4.3936
2016-12-12,3.8159
2016-12-13,4.4089
2016-12-14,4.5529
2016-12-15,4.1909
2016-12-16,3.551
2016-12-19,3.5846
2016-12-20,4.9529
2016-12-21,4.8213
2016-12-22,4.3769
2016-12-23,3.9936
2016-12-27,4.7062
2016-12-28,4.9151
2016-12-29,4.625
2016-12-30,3.2726
2017-01-03,3.4238
2017-01-04,4.2407
2017-01-05,4.5499
2017-01-06,4.1446
2017-01-09,4.3588
2017-01-10,4.3
2017-01-11,4.2014
2017-01-12,3.9108
2017-01-13,4.226
2017-01-16,4.3
2017-01-17,4.3177
2017-01-18,4.3747
2017-01-20,4.569
2017-01-22,4.25
2017-01-23,4.0909
2017-01-24,4.6083
2017-01-25,4.4509
2017-01-26,4.1919
2017-02-03,4.0948
2017-02-04,4.2917
2017-02-06,3.5455
2017-02-07,4.3491
2017-02-08,4.4159
2017-02-09,4.5223
2017-02-10,4.6537
2017-02-13,4.393
2017-02-14,4.7
2017-02-15,4.8
2017-02-16,4.4906
2017-02-17,4.7646
2017-02-20,4.5065
2017-02-21,4.4875
2017-02-22,5.15
2017-02-23,4.9875
2017-02-24,4.6
2017-02-27,4.5764
2017-03-01,4.5554
2017-03-02,4.9545
2017-03-03,4.56
2017-03-06,4.9357
2017-03-07,4.6553
2017-03-08,4.4333
2017-03-09,4.8719
2017-03-13,4.6551
2017-03-14,4.6389
2017-03-15,4.9909
2017-03-16,4.3267
2017-03-17,4.8227
2017-03-20,5.1667
2017-03-21,5.329
2017-03-22,4.9
2017-03-23,5.2533
2017-03-24,5.2393
2017-03-27,4.9
2017-03-29,4.7
2017-03-30,4.5417
2017-04-01,4.2093
2017-04-05,4.5188
2017-04-06,4.5333
2017-04-07,5.0571
2017-04-10,4.9565
2017-04-11,4.8727
2017-04-12,4.4538
2017-04-13,4.4099
2017-04-14,4.6
2017-04-17,4.687
2017-04-18,4.43
2017-04-19,4.5184
2017-04-20,4.7113
2017-04-21,4.4556
2017-04-24,4.2222
2017-04-25,4.5306
2017-04-27,4.65
2017-04-28,4.5939
2017-05-02,5.1334
2017-05-03,4.6155
2017-05-04,4.6984
2017-05-05,5.6167
2017-05-08,4.9963
2017-05-09,4.9296
2017-05-10,4.5604
2017-05-11,4.9349
2017-05-12,4.8995
2017-05-15,4.5011
2017-05-16,4.6285
2017-05-17,5.0833
2017-05-18,4.8194
2017-05-19,5.15
2017-05-22,4.7774
2017-05-23,4.7961
2017-05-24,5.2825
2017-05-25,4.7393
2017-05-26,4.7652
2017-05-27,5.1
2017-05-31,5.09
2017-06-01,5.1155
2017-06-02,5.3537
2017-06-05,5.5046
2017-06-06,5.38
2017-06-07,5.6716
2017-06-08,5.1
2017-06-09,5.3439
2017-06-12,5.0
2017-06-13,5.2185
2017-06-14,5.47
2017-06-15,5.541
2017-06-16,5.7152
2017-06-19,5.3897
2017-06-20,5.0053
2017-06-21,5.1774
2017-06-22,4.7435
2017-06-23,4.6351
2017-06-26,4.6848
2017-06-27,4.5946
2017-06-28,4.5522
2017-06-29,5.52
2017-06-30,4.6802
2017-07-03,4.748
2017-07-04,4.4617
2017-07-05,4.4687
2017-07-06,4.98
2017-07-07,4.5
2017-07-10,4.2667
2017-07-11,4.9286
2017-07-12,4.0731
2017-07-13,4.4177
2017-07-14,4.4167
2017-07-17,4.5805
2017-07-18,4.3536
2017-07-19,4.8119
2017-07-20,5.06
2017-07-21,4.5394
2017-07-24,4.518
2017-07-25,4.7419
2017-07-26,4.2026
2017-07-27,4.6333
2017-07-28,4.8682
2017-07-31,4.4152
2017-08-01,4.4624
2017-08-02,4.4622
2017-08-03,4.6182
2017-08-04,4.5714
2017-08-07,4.5464
2017-08-08,4.5344
2017-08-09,4.4802
2017-08-10,4.4548
2017-08-11,4.6667
2017-08-14,4.4103
2017-08-15,4.7815
2017-08-16,4.95
2017-08-17,5.422
2017-08-18,4.645
2017-08-21,4.9852
2017-08-22,4.3505
2017-08-23,4.9911
2017-08-24,4.75
2017-08-25,4.5335
2017-08-28,4.3581
2017-08-29,4.9768
2017-08-30,5.85
2017-08-31,5.8
2017-09-01,5.1667
2017-09-04,5.2111
2017-09-05,4.6
2017-09-07,4.95
2017-09-08,4.9116
2017-09-11,4.8224
2017-09-12,4.8342
2017-09-13,4.804
2017-09-14,5.0
2017-09-15,5.2112
2017-09-18,4.8164
2017-09-19,4.8486
2017-09-20,4.7462
2017-09-21,4.7
2017-09-25,4.7118
2017-09-26,4.6512
2017-09-27,5.35
2017-09-28,4.8372
2017-09-29,5.475
2017-10-09,4.8845
2017-10-10,4.7917
2017-10-11,4.7914
2017-10-12,4.9455
2017-10-13,4.6911
2017-10-16,4.6167
2017-10-17,5.0207
2017-10-18,4.8917
2017-10-19,4.5475
2017-10-20,5.2813
2017-10-23,5.3312
2017-10-24,4.8894
2017-10-25,5.0389
2017-10-26,4.5717
2017-10-27,4.6742
2017-10-30,5.3213
2017-10-31,4.7445
2017-11-01,5.378
2017-11-02,4.7681
2017-11-03,4.6086
2017-11-06,4.9941
2017-11-07,4.825
2017-11-08,5.7227
2017-11-09,5.1946
2017-11-10,5.475
2017-11-13,5.3
2017-11-14,4.7519
2017-11-15,5.3012
2017-11-16,5.8
2017-11-20,5.1639
2017-11-21,5.25
2017-11-22,5.4338
2017-11-23,5.6892
2017-11-24,5.3337
2017-11-27,5.5323
2017-11-28,5.3038
2017-11-29,5.131
2017-11-30,5.423
2017-12-01,5.4
2017-12-04,5.3203
2017-12-05,5.05
2017-12-07,5.5025
2017-12-08,6.1
2017-12-11,5.7286
2017-12-12,5.8943
2017-12-13,5.636
2017-12-14,5.8048
2017-12-15,5.7363
2017-12-18,5.257
2017-12-19,5.931500000000001
2017-12-20,5.4487
2017-12-21,4.9813
2017-12-22,6.0
2017-12-25,5.95
2017-12-26,5.74
2017-12-27,5.6525
2017-12-28,5.8121
2017-12-29,5.8489
2018-01-02,4.775
2018-01-03,4.6111
2018-01-04,4.8632
2018-01-05,5.0457
2018-01-08,4.7923
2018-01-09,5.0822
2018-01-10,5.3616
2018-01-11,4.9284
2018-01-12,4.8816
2018-01-15,5.3119
2018-01-16,5.483
2018-01-17,5.051
2018-01-18,5.2934
2018-01-19,5.448
2018-01-22,5.0917
2018-01-23,5.7602
2018-01-24,5.5775
2018-01-25,5.0929
2018-01-26,5.2276
2018-01-29,5.1
2018-01-30,6.1684
2018-01-31,4.606
2018-02-01,4.7758
2018-02-02,5.1667
2018-02-05,5.08
2018-02-06,5.0829
2018-02-07,5.125
2018-02-08,4.6582
2018-02-09,5.4667
2018-02-11,6.45
2018-02-12,5.4824
2018-02-13,5.1
2018-02-22,4.6874
2018-02-23,5.132
2018-02-24,5.2667
2018-02-26,5.4056
2018-02-27,5.1
2018-02-28,5.7263
2018-03-01,5.4471
2018-03-02,5.35
2018-03-05,5.2368
2018-03-06,5.1078
2018-03-07,5.0923
2018-03-08,5.893
2018-03-09,5.6264
2018-03-12,5.3642
2018-03-13,5.2852
2018-03-14,5.1444
2018-03-15,5.6984
2018-03-16,5.8827
2018-03-19,5.2898
2018-03-20,5.1775
2018-03-21,5.6283
2018-03-22,5.7048
2018-03-23,5.2245
2018-03-26,5.2728
2018-03-27,5.4031
2018-03-28,5.6351
2018-03-29,5.1755
2018-03-30,5.2872
2018-04-03,6.415299999999999
2018-04-04,4.4338
2018-04-08,4.3665
2018-04-09,4.0784
2018-04-10,3.9847
2018-04-11,4.2487
2018-04-12,4.2616
2018-04-13,4.1217
2018-04-16,4.2468
2018-04-17,4.388
2018-04-18,5.173
2018-04-19,5.4389
2018-04-20,4.7835
2018-04-23,5.6293
2018-04-24,5.1826
2018-04-25,4.1131
2018-04-26,5.1089
2018-04-27,4.6156
2018-04-28,5.4517
2018-05-02,4.698
2018-05-03,4.56
2018-05-04,4.9264
2018-05-07,4.433
2018-05-08,4.1756
2018-05-09,4.3871
2018-05-10,4.3592
2018-05-11,4.678
2018-05-14,4.4628
2018-05-15,4.5503
2018-05-16,4.7833
2018-05-17,4.8853
2018-05-18,4.3375
2018-05-21,4.3131
2018-05-22,4.6
2018-05-23,4.4659
2018-05-24,4.5894
2018-05-25,4.7238
2018-05-28,5.2107
2018-05-29,5.1776
2018-05-30,5.1132
2018-05-31,4.329
2018-06-01,4.7
2018-06-04,5.22
2018-06-05,7.2559000000000005
2018-06-06,5.1818
2018-06-07,5.3305
2018-06-08,5.3619
2018-06-11,5.9987
2018-06-12,5.278
2018-06-13,5.3698
2018-06-14,5.2809
2018-06-15,5.953100000000001
2018-06-19,5.9276
2018-06-20,5.3
2018-06-21,5.2712
2018-06-22,5.3333
2018-06-25,5.1185
2018-06-26,4.5088
2018-06-27,4.9062
2018-06-28,4.9112
2018-06-29,5.3443
2018-07-02,4.5691
2018-07-03,4.4625
2018-07-04,6.5
2018-07-05,3.7217
2018-07-06,3.3833
2018-07-09,4.7067
2018-07-10,4.3468
2018-07-11,3.9244
2018-07-12,4.4787
2018-07-13,3.9244
2018-07-16,4.3524
2018-07-17,4.4363
2018-07-18,3.6017
2018-07-19,3.478
2018-07-20,4.8072
2018-07-23,4.1254
2018-07-24,4.227
2018-07-25,3.1302
2018-07-26,4.9923
2018-07-27,4.1319
2018-07-30,3.6143
2018-07-31,4.6155
2018-08-01,4.3465
2018-08-02,4.1153
2018-08-03,3.9398
2018-08-06,3.1981
2018-08-07,3.4538
2018-08-08,5.1833
2018-08-09,3.7425
2018-08-10,3.8072
2018-08-13,3.9382
2018-08-14,3.1509
2018-08-15,4.7147
2018-08-16,2.7831
2018-08-17,3.7412
2018-08-20,3.2043
2018-08-21,3.2148
2018-08-22,3.2239
2018-08-23,3.2578
2018-08-24,3.4927
2018-08-27,4.8913
2018-08-28,5.2529
2018-08-29,3.9001
2018-08-30,3.0673
2018-08-31,4.1256
2018-09-03,3.6219
2018-09-04,3.965
2018-09-05,4.5854
2018-09-06,4.3595
2018-09-07,3.2212
2018-09-10,3.8229
2018-09-11,5.2101
2018-09-12,5.0784
2018-09-13,5.0
2018-09-14,5.3553
2018-09-17,4.6509
2018-09-18,5.4786
2018-09-19,5.0057
2018-09-20,3.4137
2018-09-21,4.402
2018-09-25,4.2417
2018-09-26,5.12
2018-09-27,5.3752
2018-09-28,5.1639
2018-09-29,4.8
2018-09-30,4.67
2018-10-08,3.3539
2018-10-09,4.2092
2018-10-10,4.6253
2018-10-11,3.3391
2018-10-12,4.3806
2018-10-15,4.5097
2018-10-16,3.6198
2018-10-17,3.0541
2018-10-18,3.0997
2018-10-19,3.005
2018-10-22,3.0766
2018-10-23,3.1054
2018-10-24,3.1655
2018-10-25,3.3194
2018-10-26,4.1182
2018-10-29,3.1887
2018-10-30,4.2962
2018-10-31,3.9208
2018-11-01,4.175
2018-11-02,4.0
2018-11-05,4.0
2018-11-06,3.3223
2018-11-07,3.1368
2018-11-08,3.3959
2018-11-09,3.3245
2018-11-12,4.3533
2018-11-13,3.4551
2018-11-14,3.75
2018-11-15,4.0549
2018-11-16,4.1824
2018-11-19,3.9942
2018-11-20,3.321
2018-11-21,3.675
2018-11-22,4.1935
2018-11-23,3.8374
2018-11-26,3.9656
2018-11-27,4.6304
2018-11-28,3.7403
2018-11-29,4.2694
2018-11-30,4.1618
2018-12-03,4.5696
2018-12-04,4.2524
2018-12-05,4.1696
2018-12-06,3.5472
2018-12-07,4.1249
2018-12-10,5.0218
2018-12-11,3.9012
2018-12-12,4.394
2018-12-13,4.2123
2018-12-14,4.8976
2018-12-17,4.9208
2018-12-18,4.6142
2018-12-19,4.9505
2018-12-20,4.627
2018-12-21,5.5529
2018-12-24,4.3334
2018-12-25,4.3672
2018-12-26,4.2252
2018-12-27,4.7916
2018-12-28,4.7413
2018-12-29,4.0533
2019-01-02,3.9652
2019-01-03,4.6818
2019-01-04,4.1233
2019-01-07,3.2024
2019-01-08,3.9529
2019-01-09,4.148
2019-01-10,3.1023
2019-01-11,5.4686
2019-01-14,5.6208
2019-01-15,4.6238
2019-01-16,4.0507
2019-01-17,4.6782
2019-01-18,3.397
2019-01-21,3.2555
2019-01-22,3.0942
2019-01-23,3.4235
2019-01-24,3.9168
2019-01-25,3.5709
2019-01-28,3.9669
2019-01-29,4.7029
2019-01-30,3.4296
2019-01-31,5.0934
2019-02-01,4.5125
2019-02-02,6.3
2019-02-03,2.9
2019-02-11,3.7897
2019-02-12,4.8498
2019-02-13,3.5027
2019-02-14,3.534
2019-02-15,4.0433
2019-02-18,3.183
2019-02-19,3.5977
2019-02-20,3.1787
2019-02-21,3.1639
2019-02-22,4.6908
2019-02-25,3.2165
2019-02-26,4.0232
2019-02-27,4.4345
2019-02-28,5.2127
2019-03-01,5.2615
2019-03-04,2.825
2019-03-05,4.1355
2019-03-06,4.5836
2019-03-07,3.2021
2019-03-08,5.0278
2019-03-11,4.5464
2019-03-12,4.2792
2019-03-13,3.6012
2019-03-14,4.6863
2019-03-15,3.9765
2019-03-18,3.9323
2019-03-19,3.9346
2019-03-20,3.9932
2019-03-21,4.2752
2019-03-22,4.3254
2019-03-25,5.0749
2019-03-26,3.3654
2019-03-27,4.109
2019-03-28,3.4678
2019-03-29,3.786
2019-04-01,6.182300000000001
2019-04-02,3.2535
2019-04-03,2.8596
2019-04-04,2.7413
2019-04-08,2.9806
2019-04-09,2.8901
2019-04-10,3.8984
2019-04-11,4.0238
2019-04-12,4.5399
2019-04-15,4.6043
2019-04-16,4.6343
2019-04-17,4.4892
2019-04-18,3.4907
2019-04-19,3.4929
2019-04-22,4.3043
2019-04-23,3.2363
2019-04-24,3.3952
2019-04-25,3.6225
2019-04-26,3.214
2019-04-28,3.1292
2019-04-29,3.3445
2019-04-30,4.2322
2019-05-05,4.3884
2019-05-06,3.4098
2019-05-07,3.2416
2019-05-08,3.3225
2019-05-09,3.3385
2019-05-10,3.6103
2019-05-13,3.7587
2019-05-14,3.5366
2019-05-15,3.0739
2019-05-16,3.2106
2019-05-17,3.1708
2019-05-20,3.425
2019-05-21,3.8227
2019-05-22,4.2387
2019-05-23,3.5515
2019-05-24,4.2034
2019-05-27,4.321
2019-05-28,5.5313
2019-05-29,3.6198
2019-05-30,3.6864
2019-05-31,3.6667
2019-06-03,3.6951
2019-06-04,3.1
2019-06-05,3.8097
2019-06-06,3.8464
2019-06-10,3.6353
2019-06-11,3.4885
2019-06-12,3.7295
2019-06-13,3.8027
2019-06-14,3.5254
2019-06-17,4.9466
2019-06-18,4.833
2019-06-19,3.9619
2019-06-20,4.6213
2019-06-21,3.5946
2019-06-24,3.7226
2019-06-25,4.3263
2019-06-26,3.915
2019-06-27,4.9783
2019-06-28,3.3575
2019-07-01,5.0
2019-07-02,4.4286
2019-07-03,3.1852
2019-07-04,4.8377
2019-07-05,2.7776
2019-07-08,3.7942
2019-07-09,2.7468
2019-07-10,3.3638
2019-07-11,3.073
2019-07-12,3.3246
2019-07-15,4.4004
2019-07-16,3.1762
2019-07-17,3.3539
2019-07-18,4.1735
2019-07-19,3.5421
2019-07-22,5.1233
2019-07-23,4.1246
2019-07-24,3.8501
2019-07-25,3.5294
2019-07-26,3.4532
2019-07-29,4.7892
2019-07-30,3.5956
2019-07-31,5.7832
2019-08-01,4.7323
2019-08-02,2.75
2019-08-05,4.4767
2019-08-06,3.2732
2019-08-07,3.412
2019-08-08,3.5155
2019-08-09,3.8113
2019-08-12,3.1142
2019-08-13,4.1755
2019-08-14,4.2182
2019-08-15,3.9191
2019-08-16,3.4534
2019-08-19,3.356
2019-08-20,4.0618
2019-08-21,3.9372
2019-08-22,3.4665
2019-08-23,3.3357
2019-08-26,3.8055
2019-08-27,4.3901
2019-08-28,3.7337
2019-08-29,3.6006
2019-08-30,5.056
2019-09-02,3.87
2019-09-03,3.6397
2019-09-04,4.0862
2019-09-05,3.7707
2019-09-06,3.4717
2019-09-09,3.2108
2019-09-10,3.6255
2019-09-11,4.0551
2019-09-12,3.8412
2019-09-16,3.5719
2019-09-17,3.5431
2019-09-18,4.1606
2019-09-19,3.5157
2019-09-20,3.3825
2019-09-23,3.4374
2019-09-24,3.2371
2019-09-25,4.3558
2019-09-26,4.6932
2019-09-27,4.0125
2019-09-29,5.6174
2019-09-30,3.8208
2019-10-08,4.1526
2019-10-09,3.8626
2019-10-10,4.5848
2019-10-11,4.1393
2019-10-12,3.475
2019-10-14,4.03
2019-10-15,3.7566
2019-10-16,3.7524
2019-10-17,3.6711
2019-10-18,3.4361
2019-10-21,3.7673
2019-10-22,3.4924
2019-10-23,3.7233
2019-10-24,3.9829
2019-10-25,3.8651
2019-10-28,4.6902
2019-10-29,5.0928
2019-10-30,3.7292
2019-10-31,4.1721
2019-11-01,3.4417
2019-11-04,3.2222
2019-11-05,3.167
2019-11-06,3.5116
2019-11-07,3.7973
2019-11-08,3.7427
2019-11-11,4.4609
2019-11-12,4.1514
2019-11-13,3.5775
2019-11-14,3.7227
2019-11-15,4.2791
2019-11-18,3.6671
2019-11-19,4.1584
2019-11-20,4.4153
2019-11-21,4.2939
2019-11-22,3.7891
2019-11-25,3.899
2019-11-26,4.7186
2019-11-27,3.7182
2019-11-28,3.5347
2019-11-29,4.161
2019-12-02,3.9024
2019-12-03,4.2432
2019-12-04,3.6488
2019-12-05,3.648
2019-12-06,4.22
2019-12-09,4.0496
2019-12-10,3.7191
2019-12-11,3.9858
2019-12-12,4.418
2019-12-13,5.2154
2019-12-16,4.1065
2019-12-17,4.0568
2019-12-18,3.9994
2019-12-19,3.7798
2019-12-20,3.8531
2019-12-23,3.6172
2019-12-24,4.3699
2019-12-25,4.1607
2019-12-26,3.8114
2019-12-27,4.7764
2019-12-30,3.9853
2019-12-31,3.5029
2020-01-02,4.3967
2020-01-03,4.0544
2020-01-06,3.8013
2020-01-07,3.611
2020-01-08,3.7125
2020-01-09,3.2047
2020-01-10,3.2815
2020-01-13,3.614
2020-01-14,3.5299
2020-01-15,3.5133
2020-01-16,3.4931
2020-01-17,3.519
2020-01-19,5.0862
2020-01-20,3.3947
2020-01-21,4.6202
2020-01-22,3.5904
2020-01-23,3.8833
2020-02-03,5.3333
2020-02-04,4.0611
2020-02-05,3.2956
2020-02-06,3.3353
2020-02-07,3.2354
2020-02-10,3.0111
2020-02-11,3.6276
2020-02-12,3.6508
2020-02-13,3.6892
2020-02-14,3.7264
2020-02-17,3.4995
2020-02-18,3.3321
2020-02-19,4.4257
2020-02-20,4.1432
2020-02-21,4.4884
2020-02-24,3.2968
2020-02-25,3.7227
2020-02-26,2.9956
2020-02-27,3.8733
2020-02-28,5.088
2020-03-02,4.2315
2020-03-03,3.175
2020-03-04,3.5938
2020-03-05,3.2943
2020-03-06,3.2245
2020-03-09,3.593
2020-03-10,2.9716
2020-03-11,2.6731
2020-03-12,3.2504
2020-03-13,3.0702
2020-03-16,3.4731
2020-03-17,3.9368
2020-03-18,3.0734
2020-03-19,3.261
2020-03-20,3.9218
2020-03-23,3.2642
2020-03-24,3.7976
2020-03-25,3.4361
2020-03-26,4.0024
2020-03-27,2.8238
2020-03-30,3.5069
2020-03-31,3.1625
2020-04-01,4.2212
2020-04-02,3.0641
2020-04-03,4.0384
2020-04-07,4.0359
2020-04-08,3.6814
2020-04-09,3.7564
2020-04-10,3.3883
2020-04-13,3.9806
2020-04-14,2.8985
2020-04-15,2.7513
2020-04-16,3.0385
2020-04-17,2.7828
2020-04-20,3.4579
2020-04-21,2.5041
2020-04-22,2.0383
2020-04-23,2.7352
2020-04-24,2.5506
2020-04-26,2.85
2020-04-27,4.0879
2020-04-28,3.6538
2020-04-29,2.1873
2020-04-30,3.4659
2020-05-06,1.9595
2020-05-07,2.2908
2020-05-08,2.7045
2020-05-09,2.8889
2020-05-11,2.5524
2020-05-12,2.2867
2020-05-13,2.4665
2020-05-14,2.2181
2020-05-15,2.7436
2020-05-18,2.1044
2020-05-19,1.9515
2020-05-20,2.7
2020-05-21,2.7941
2020-05-22,2.8608
2020-05-25,2.5329
2020-05-26,2.1912
2020-05-27,2.689
2020-05-28,2.1098
2020-05-29,3.1
2020-06-01,2.213
2020-06-02,2.3959
2020-06-03,2.3262
2020-06-04,2.3287
2020-06-05,2.4669
2020-06-08,3.1593
2020-06-09,2.4398
2020-06-10,4.7726
2020-06-11,3.1965
2020-06-12,3.7114
2020-06-15,3.8917
2020-06-16,3.2362
2020-06-17,3.1875
2020-06-18,3.6009
2020-06-19,3.3139
2020-06-22,3.3998
2020-06-23,3.5338
2020-06-24,3.5762
2020-06-28,3.4058
2020-06-29,3.4542
2020-06-30,3.6862
2020-07-01,3.3065
2020-07-02,3.2958
2020-07-03,3.2352
2020-07-06,3.9149
2020-07-07,2.9652
2020-07-08,3.6117
2020-07-09,3.2676
2020-07-10,3.1633
2020-07-13,4.4612
2020-07-14,3.7101
2020-07-15,3.2071
2020-07-16,3.3209
2020-07-17,4.2024
2020-07-20,3.2686
2020-07-21,3.8081
2020-07-22,3.421
2020-07-23,3.6882
2020-07-24,3.5846
2020-07-27,3.7724
2020-07-28,3.2663
2020-07-29,3.486
2020-07-30,3.4667
2020-07-31,2.706
2020-08-03,3.0355
2020-08-04,3.6485
2020-08-05,2.9219
2020-08-06,3.6206
2020-08-07,3.8148
2020-08-10,3.4836
2020-08-11,3.2469
2020-08-12,3.5046
2020-08-13,3.1905
2020-08-14,3.8354
2020-08-17,3.2851
2020-08-18,3.5592
2020-08-19,3.4076
2020-08-20,3.7917
2020-08-21,3.8308
2020-08-24,3.6576
2020-08-25,3.2181
2020-08-26,3.207
2020-08-27,3.9703
2020-08-28,3.8962
2020-08-31,3.9183
2020-09-01,3.2875
2020-09-02,3.377
2020-09-03,4.8
2020-09-04,3.599
2020-09-07,3.3574
2020-09-08,4.1509
2020-09-09,3.7174
2020-09-10,4.1769
2020-09-11,3.8042
2020-09-14,4.0709
2020-09-15,3.8852
2020-09-16,3.713
2020-09-17,3.9629
2020-09-18,4.0187
2020-09-21,3.6462
2020-09-22,4.195
2020-09-23,3.6805
2020-09-24,3.6911
2020-09-25,3.6216
2020-09-27,3.62
2020-09-28,3.9296
2020-09-29,3.3636
2020-09-30,4.1297
2020-10-09,3.6905
2020-10-10,3.9194
2020-10-12,3.6532
2020-10-13,4.1389
2020-10-14,3.9918
2020-10-15,3.7247
2020-10-16,3.8936
2020-10-19,3.3521
2020-10-20,4.054
2020-10-21,3.9168
2020-10-22,4.0464
2020-10-23,4.666
2020-10-26,3.8427
2020-10-27,3.6427
2020-10-28,3.8967
2020-10-29,3.9886
2020-10-30,4.3458
2020-11-02,4.171
2020-11-03,3.8414
2020-11-04,3.8835
2020-11-05,3.3439
2020-11-06,4.3563
2020-11-09,3.7881
2020-11-10,3.8531
2020-11-11,4.3382
2020-11-12,4.1879
2020-11-13,4.4236
2020-11-16,4.3222
2020-11-17,3.6538
2020-11-18,3.6176
2020-11-19,3.6437
2020-11-20,3.75
2020-11-23,3.995
2020-11-24,4.0308
2020-11-25,3.5668
2020-11-26,3.6602
2020-11-27,3.7418
2020-11-30,3.908
2020-12-01,3.7121
2020-12-02,3.94
2020-12-03,3.1823
2020-12-04,3.619
2020-12-07,4.405
2020-12-08,4.3718
2020-12-09,4.1127
2020-12-10,4.4587
2020-12-11,4.1915
2020-12-14,4.4654
2020-12-15,3.9205
2020-12-16,3.8073
2020-12-17,4.1304
2020-12-18,4.569
2020-12-21,3.17
2020-12-22,4.2335
2020-12-23,4.6038
2020-12-24,4.0654
2020-12-25,3.7563
2020-12-28,4.6367
2020-12-29,4.1967
2020-12-30,4.6583
2020-12-31,3.5783
2021-01-04,3.7949
2021-01-05,3.8229
2021-01-06,3.656
2021-01-07,3.8773
2021-01-08,3.6062
2021-01-11,3.4087
2021-01-12,3.4936
2021-01-13,3.7236
2021-01-14,3.5413
2021-01-15,3.9521
2021-01-18,3.9997
2021-01-19,4.3264
2021-01-20,3.6203
2021-01-21,4.1777
2021-01-22,4.2671
2021-01-25,3.9181
2021-01-26,4.6628
2021-01-27,3.8133
2021-01-28,3.8557
2021-01-29,3.8563
2021-02-01,3.7243
2021-02-02,3.7745
2021-02-03,4.107
2021-02-04,3.7925
2021-02-05,3.1671
2021-02-07,3.2582
2021-02-08,3.6759
2021-02-09,3.7934
2021-02-10,3.97
2021-02-18,3.5003
2021-02-19,4.2124
2021-02-20,3.5426
2021-02-22,4.0389
2021-02-23,4.0047
2021-02-24,4.0046
2021-02-25,3.8519
2021-02-26,4.2531
2021-03-01,3.7165
2021-03-02,3.7451
2021-03-03,3.7025
2021-03-04,3.9158
2021-03-05,3.7096
2021-03-08,3.7736
2021-03-09,3.8489
2021-03-10,4.1269
2021-03-11,4.0383
2021-03-12,3.722
2021-03-15,4.2796
2021-03-16,4.4466
2021-03-17,4.3418
2021-03-18,4.0009
2021-03-19,4.5913
2021-03-22,4.5096
2021-03-23,4.3677
2021-03-24,3.976
2021-03-25,3.7053
2021-03-26,4.4794
2021-03-29,4.0148
2021-03-30,4.2051
2021-03-31,4.0239
2021-04-01,4.2093
2021-04-02,3.8883
2021-04-06,3.59
2021-04-07,3.5992
2021-04-08,4.0326
2021-04-09,3.5196
2021-04-12,3.3778
2021-04-13,3.995
2021-04-14,3.9778
2021-04-15,3.8051
2021-04-16,4.1872
2021-04-19,4.1546
2021-04-20,3.667
2021-04-21,4.0085
2021-04-22,3.6509
2021-04-23,3.1916
2021-04-25,4.1643
2021-04-26,3.5783
2021-04-27,3.3176
2021-04-28,4.1725
2021-04-29,3.7863
2021-04-30,4.1283
2021-05-06,3.7255
2021-05-07,3.7188
2021-05-08,4.3834
2021-05-10,4.1525
2021-05-11,3.9001
2021-05-12,3.6654
2021-05-13,4.0549
2021-05-14,4.1464
2021-05-17,3.2009
2021-05-18,3.6257
2021-05-19,3.2025
2021-05-20,3.7742
2021-05-21,3.6969
2021-05-24,4.3537
2021-05-25,3.9431
2021-05-26,3.4303
2021-05-27,3.8199
2021-05-28,3.6658
2021-05-31,3.7859
2021-06-01,3.7667
2021-06-02,3.8562
2021-06-03,3.7592
2021-06-04,3.7047
2021-06-07,3.22
2021-06-08,3.556
2021-06-09,3.7928
2021-06-10,3.5016
2021-06-11,3.9761
2021-06-15,4.0945
2021-06-16,3.934
2021-06-17,4.0099
2021-06-18,4.1233
2021-06-21,3.4006
2021-06-22,4.0062
2021-06-23,4.2436
2021-06-24,4.0635
2021-06-25,3.9743
2021-06-28,4.119
2021-06-29,3.6556
2021-06-30,3.7336
2021-07-01,4.0113
2021-07-02,4.0204
2021-07-05,3.2659
2021-07-06,3.3045
2021-07-07,3.1941
2021-07-08,3.7474
2021-07-09,3.5085
2021-07-12,4.093
2021-07-13,3.3823
2021-07-14,3.3181
2021-07-15,3.6032
2021-07-16,3.721
2021-07-19,3.5409
2021-07-20,3.5585
2021-07-21,3.2619
2021-07-22,3.4056
2021-07-23,4.2837
2021-07-26,3.6461
2021-07-27,3.437
2021-07-28,3.3579
2021-07-29,3.1359
2021-07-30,3.0943
2021-08-02,3.8727
2021-08-03,3.2643
2021-08-04,3.8475
2021-08-05,2.9841
2021-08-06,3.2797
2021-08-09,3.7125
2021-08-10,3.2432
2021-08-11,3.4933
2021-08-12,3.2927
2021-08-13,3.8537
2021-08-16,3.6969
2021-08-17,4.4333
2021-08-18,3.4701
2021-08-19,3.4059
2021-08-20,3.7831
2021-08-23,4.3817
2021-08-24,3.2011
2021-08-25,3.7748
2021-08-26,3.0381
2021-08-27,3.418
2021-08-30,3.2447
2021-08-31,3.6134
2021-09-01,4.1968
2021-09-02,3.6537
2021-09-03,3.2187
2021-09-06,3.5735
2021-09-07,3.3926
2021-09-08,3.3246
2021-09-09,3.3936
2021-09-10,3.4477
2021-09-13,3.37
2021-09-14,2.9937
2021-09-15,3.3833
2021-09-16,3.3135
2021-09-17,3.6972
2021-09-18,3.807
2021-09-22,3.5408
2021-09-23,3.9393
2021-09-24,4.1374
2021-09-26,3.6269
2021-09-27,3.864
2021-09-28,3.7981
2021-09-29,3.8528
2021-09-30,4.3728
2021-10-08,3.6394
2021-10-09,3.323
2021-10-11,3.1336
2021-10-12,3.2675
2021-10-13,3.4353
2021-10-14,3.2227
2021-10-15,3.2842
2021-10-18,3.2239
2021-10-19,3.5784
2021-10-20,3.4798
2021-10-21,3.2533
2021-10-22,3.2883
2021-10-25,3.2502
2021-10-26,3.1104
2021-10-27,3.8605
2021-10-28,3.4352
2021-10-29,3.3153
2021-11-01,3.2667
2021-11-02,2.9583
2021-11-03,3.2558
2021-11-04,4.198
2021-11-05,3.8373
2021-11-08,3.571
2021-11-09,3.3981
2021-11-10,3.37
2021-11-11,3.2633
2021-11-12,3.3588
2021-11-15,3.4802
2021-11-16,3.5446
2021-11-17,3.4932
2021-11-18,3.7112
2021-11-19,3.6523
2021-11-22,3.7082
2021-11-23,3.3652
2021-11-24,3.4305
2021-11-25,3.5058
2021-11-26,3.444
2021-11-29,3.611
2021-11-30,3.3115
2021-12-01,3.5755
2021-12-02,3.6551
2021-12-03,3.3427
2021-12-06,3.52
2021-12-07,3.4482
2021-12-08,3.3952
2021-12-09,3.4517
2021-12-10,4.0526
2021-12-13,3.3117
2021-12-14,3.2831
2021-12-15,3.8901
2021-12-16,3.6086
2021-12-17,3.5524
2021-12-20,3.6098
2021-12-21,4.0167
2021-12-22,3.155
2021-12-23,3.2022
2021-12-24,3.5027
2021-12-27,3.9218
2021-12-28,3.3373
2021-12-29,3.2081
2021-12-30,3.9304
2021-12-31,3.6
2022-01-04,3.2579
2022-01-05,3.19
2022-01-06,3.3755
2022-01-07,4.0495
2022-01-10,3.3597
2022-01-11,3.5175
2022-01-12,3.4694
2022-01-13,3.2755
2022-01-14,3.2805
2022-01-17,3.1506
2022-01-18,3.0471
2022-01-19,3.0792
2022-01-20,3.4637
2022-01-21,3.8048
2022-01-24,3.0197
2022-01-25,3.269
2022-01-26,3.2705
2022-01-27,3.3682
2022-01-28,3.31
2022-01-29,4.0632
2022-01-30,3.35
2022-02-07,4.2571
2022-02-08,3.3917
2022-02-09,3.0136
2022-02-10,3.1137
2022-02-11,3.2929
2022-02-14,3.0959
2022-02-15,3.1863
2022-02-16,3.1845
2022-02-17,3.0574
2022-02-18,2.9932
2022-02-21,3.1112
2022-02-22,3.1642
2022-02-23,3.4793
2022-02-24,3.1483
2022-02-25,3.3811
2022-02-28,3.2451
2022-03-01,3.6946
2022-03-02,3.0912
2022-03-03,3.1513
2022-03-04,2.9307
2022-03-07,2.9998
2022-03-08,3.0701
2022-03-09,3.4725
2022-03-10,3.3253
2022-03-11,2.9756
2022-03-14,3.1252
2022-03-15,3.017
2022-03-16,3.0272
2022-03-17,3.1779
2022-03-18,3.1609
2022-03-21,3.3405
2022-03-22,3.2149
2022-03-23,3.5957
2022-03-24,3.1665
2022-03-25,2.9912
2022-03-28,3.0725
2022-03-29,3.0822
2022-03-30,4.066
2022-03-31,3.4596
2022-04-01,3.132
2022-04-02,3.067
2022-04-06,2.93
2022-04-07,3.1196
2022-04-08,3.3905
2022-04-11,3.0402
2022-04-12,2.9035
2022-04-13,3.0783
2022-04-14,2.9676
2022-04-15,3.5598
2022-04-18,2.8835
2022-04-19,2.8998
2022-04-20,3.0048
2022-04-21,2.9202
2022-04-22,2.9738
2022-04-24,2.7
2022-04-25,3.0619
2022-04-26,2.784
2022-04-27,2.8556
2022-04-28,2.9231
2022-04-29,2.964
2022-05-05,2.9679
2022-05-06,2.7035
2022-05-07,4.74
2022-05-09,2.5446
2022-05-10,2.7104
2022-05-11,3.305
2022-05-12,2.8122
2022-05-13,2.9741
2022-05-16,3.0927
2022-05-17,3.5553
2022-05-18,2.8778
2022-05-19,2.5431
2022-05-20,2.5934
2022-05-23,2.9932
2022-05-24,3.0803
2022-05-25,2.9253
2022-05-26,2.5955
2022-05-27,2.7837
2022-05-30,2.5797
2022-05-31,2.8998
2022-06-01,3.6305
2022-06-02,2.9541
2022-06-06,2.6622
2022-06-07,2.79
2022-06-08,2.6884
2022-06-09,2.8644
2022-06-10,3.0187
2022-06-13,2.7485
2022-06-14,2.8606
2022-06-15,2.7472
2022-06-16,2.5747
2022-06-17,2.9664
2022-06-20,2.5245
2022-06-21,2.8617
2022-06-22,2.6772
2022-06-23,2.7911
2022-06-24,2.801
2022-06-27,2.5284
2022-06-28,2.874
2022-06-29,2.8769
2022-06-30,2.9578
2022-07-01,2.8473
2022-07-04,2.6793
2022-07-05,2.4
2022-07-06,2.6476
2022-07-07,3.0113
2022-07-08,2.9878
2022-07-11,2.7526
2022-07-12,2.3883
2022-07-13,2.6405
2022-07-14,3.0846
2022-07-15,2.5863
2022-07-18,3.1225
2022-07-19,2.8793
2022-07-20,2.6742
2022-07-21,2.8131
2022-07-22,2.9277
2022-07-25,2.6657
2022-07-26,2.8385
2022-07-27,2.7137
2022-07-28,2.8542
2022-07-29,2.6091
2022-08-01,4.2
2022-08-02,3.458
2022-08-03,1.8286
2022-08-04,2.0942
2022-08-05,2.5964
2022-08-08,2.6231
2022-08-09,2.2494
2022-08-10,2.3596
2022-08-11,2.8687
2022-08-12,2.4424
2022-08-15,2.7295
2022-08-16,2.1455
2022-08-17,3.0314
2022-08-18,2.3995
2022-08-19,2.8159
2022-08-22,2.8483
2022-08-23,2.2498
2022-08-24,2.5713
2022-08-25,2.7977
2022-08-26,2.6026
2022-08-29,2.4825
2022-08-30,2.4504
2022-08-31,2.3932
2022-09-01,3.9154
2022-09-02,2.1458
2022-09-05,2.0504
2022-09-06,2.3409
2022-09-07,2.0509
2022-09-08,2.203
2022-09-09,2.4857
2022-09-13,2.6176
2022-09-14,2.1968
2022-09-15,2.5693
2022-09-16,2.09
2022-09-19,1.8647
2022-09-20,2.3775
2022-09-21,2.435
2022-09-22,2.2711
2022-09-23,2.5787
2022-09-26,2.5503
2022-09-27,2.4989
2022-09-28,2.7616
2022-09-29,2.5403
2022-09-30,3.2295
2022-10-08,2.5973
2022-10-09,3.1177
2022-10-10,2.3553
2022-10-11,2.3898
2022-10-12,2.486
2022-10-13,2.0763
2022-10-14,2.4749
2022-10-17,2.583
2022-10-18,2.1707
2022-10-19,2.2819
2022-10-20,2.278
2022-10-21,2.4534
2022-10-24,2.2761
2022-10-25,2.7858
2022-10-26,2.8658
2022-10-27,2.2724
2022-10-28,2.6707
2022-10-31,2.3385
2022-11-01,2.9201
2022-11-02,2.2723
2022-11-03,2.8909
2022-11-04,2.2346
2022-11-07,2.2948
2022-11-08,2.7202
2022-11-09,2.8605
2022-11-10,2.7435
2022-11-11,2.4621
2022-11-14,2.4919
2022-11-15,2.3664
2022-11-16,2.5633
2022-11-17,2.6239
2022-11-18,3.2305
2022-11-21,2.6955
2022-11-22,2.756
2022-11-23,2.824
2022-11-24,3.1264
2022-11-25,2.6002
2022-11-28,2.9455
2022-11-29,2.6266
2022-11-30,2.7292
2022-12-01,2.7551
2022-12-02,2.6136
2022-12-05,2.5698
2022-12-06,3.2095
2022-12-07,2.9592
2022-12-08,2.7616
2022-12-09,2.9712
2022-12-12,2.8573
2022-12-13,2.4782
2022-12-14,2.6033
2022-12-15,2.7733
2022-12-16,2.8586
2022-12-19,2.9309
2022-12-20,2.8245
2022-12-21,2.9798
2022-12-22,2.9015
2022-12-23,3.0682
2022-12-26,2.7811
2022-12-27,3.1029
2022-12-28,2.6893
2022-12-29,2.5975
2022-12-30,2.5
2023-01-03,3.174
2023-01-04,3.0694
2023-01-05,2.8309
2023-01-06,3.1899
2023-01-09,3.1676
2023-01-10,2.7808
2023-01-11,2.7918
2023-01-12,2.6949
2023-01-13,2.9377
2023-01-16,3.0207
2023-01-17,2.773
2023-01-18,2.8239
2023-01-19,3.128
2023-01-20,3.09
2023-01-28,3.3714
2023-01-29,2.4975
2023-01-30,3.1172
2023-01-31,2.9303
2023-02-01,3.0111
2023-02-02,2.8515
2023-02-03,2.668
2023-02-06,2.8562
2023-02-07,3.2048
2023-02-08,3.236
2023-02-09,3.1428
2023-02-10,2.959
2023-02-13,2.7712
2023-02-14,2.7864
2023-02-15,2.8527
2023-02-16,3.0142
2023-02-17,2.9332
2023-02-20,2.8101
2023-02-21,2.746
2023-02-22,2.8498
2023-02-23,3.0215
2023-02-24,2.9385
2023-02-27,3.1741
2023-02-28,3.2048
2023-03-01,2.9458
2023-03-02,3.3186
2023-03-03,3.2061
2023-03-06,2.8931
2023-03-07,2.9975
2023-03-08,3.0677
2023-03-09,2.8662
2023-03-10,2.9229
2023-03-13,2.9204
2023-03-14,2.982
2023-03-15,3.0347
2023-03-16,3.0525
2023-03-17,2.9079
2023-03-20,2.8299
2023-03-21,2.932
2023-03-22,3.083
2023-03-23,3.2533
2023-03-24,3.403
2023-03-27,3.0381
2023-03-28,3.1397
2023-03-29,3.2937
2023-03-30,3.287
2023-03-31,3.1
2023-04-03,2.969
2023-04-04,2.8053
2023-04-06,2.9091
2023-04-07,2.958
2023-04-10,2.7359
2023-04-11,3.0064
2023-04-12,2.8195
2023-04-13,2.9043
2023-04-14,2.8609
2023-04-17,2.9115
2023-04-18,2.9031
2023-04-19,3.1057
2023-04-20,2.9579
2023-04-21,2.917
2023-04-23,2.5497
2023-04-24,3.0091
2023-04-25,2.7797
2023-04-26,2.8873
2023-04-27,2.8988
2023-04-28,2.8729
2023-05-04,2.7679
2023-05-05,3.0717
2023-05-06,3.0952
2023-05-08,3.1636
2023-05-09,3.1086
2023-05-10,3.0597
2023-05-11,2.7206
2023-05-12,2.8334
2023-05-15,2.9939
2023-05-16,3.165
2023-05-17,2.9863
2023-05-18,2.8753
2023-05-19,3.3023
2023-05-22,2.9328
2023-05-23,2.8622
2023-05-24,2.8681
2023-05-25,2.7852
2023-05-26,3.0713
2023-05-29,3.2164
2023-05-30,3.0391
2023-05-31,2.7545
2023-06-01,4.6
2023-06-02,2.848
2023-06-05,3.0706
2023-06-06,2.8775
2023-06-07,2.6872
2023-06-08,2.5831
2023-06-09,2.9071
2023-06-12,2.6886
2023-06-13,2.777
2023-06-14,2.6811
2023-06-15,2.6253
2023-06-16,2.7885
2023-06-19,3.1805
2023-06-20,2.7758
2023-06-21,2.6944
2023-06-25,2.6225
2023-06-26,2.808
2023-06-27,2.7669
2023-06-28,3.1778
2023-06-29,2.7509
2023-06-30,2.7815
2023-07-03,2.8948
2023-07-04,2.5931
2023-07-05,2.6688
2023-07-06,2.5937
2023-07-07,2.5308
2023-07-10,2.5543
2023-07-11,2.6119
2023-07-12,2.5372
2023-07-13,2.6342
2023-07-14,2.5335
2023-07-17,2.5395
2023-07-18,2.6009
2023-07-19,2.7554
2023-07-20,2.5114
2023-07-21,2.4762
2023-07-24,2.6271
2023-07-25,2.6795
2023-07-26,2.4847
2023-07-27,2.498
2023-07-28,2.6796
2023-07-31,2.4942
2023-08-01,2.98
2023-08-02,3.0015
2023-08-03,2.5803
2023-08-04,2.4606
2023-08-07,2.7091
2023-08-08,2.4389
2023-08-09,2.4186
2023-08-10,3.4035
2023-08-11,2.4219
2023-08-14,2.5392
2023-08-15,2.4851
2023-08-16,2.4454
2023-08-17,2.8041
2023-08-18,2.4793
2023-08-21,2.6871
2023-08-22,2.7558
2023-08-23,2.52
2023-08-24,2.6935
2023-08-25,2.6096
2023-08-28,2.8061
2023-08-29,2.901
2023-08-30,2.663
2023-08-31,2.2426
2023-09-01,3.3134
2023-09-04,2.5455
2023-09-05,2.4473
2023-09-06,2.4479
2023-09-07,2.4191
2023-09-08,2.3917
2023-09-11,2.6484
2023-09-12,2.4328
2023-09-13,2.6929
2023-09-14,2.5469
2023-09-15,2.5748
2023-09-18,2.8359
2023-09-19,2.7513
2023-09-20,2.7459
2023-09-21,2.5823
2023-09-22,2.4531
2023-09-25,2.6145
2023-09-26,2.9873
2023-09-27,2.6663
2023-09-28,2.7158
2023-10-07,2.6703
2023-10-08,2.7722
2023-10-09,3.0313
2023-10-10,2.6459
2023-10-11,2.6656
2023-10-12,2.4797
2023-10-13,2.808
2023-10-16,2.8546
2023-10-17,2.7549
2023-10-18,2.6821
2023-10-19,2.8147
2023-10-20,2.6952
2023-10-23,2.65
2023-10-24,2.9994
2023-10-25,2.8765
2023-10-26,2.8149
2023-10-27,2.7161
2023-10-30,2.7273
2023-10-31,2.6962
2023-11-01,2.8627
2023-11-02,2.8908
2023-11-03,2.7979
2023-11-06,2.7131
2023-11-07,2.6918
2023-11-08,2.9285
2023-11-09,2.9392
2023-11-10,2.814
2023-11-13,2.9207
2023-11-14,2.8002
2023-11-15,2.7836
2023-11-16,2.808
2023-11-17,2.9597
2023-11-20,2.9252
2023-11-21,2.9222
2023-11-22,2.8977
2023-11-23,2.9261
2023-11-24,2.9109
2023-11-27,2.9694
2023-11-28,2.9626
2023-11-29,2.9414
2023-11-30,3.1199
2023-12-01,3.0872
2023-12-04,3.02
2023-12-05,2.7241
2023-12-06,2.8629
2023-12-07,2.9533
2023-12-08,2.988
2023-12-11,3.0307
2023-12-12,2.9641
2023-12-13,2.891
2023-12-14,2.8797
2023-12-15,2.9077
2023-12-18,3.0253
2023-12-19,3.2056
2023-12-20,3.0684
2023-12-21,3.0188
2023-12-22,2.8257
2023-12-25,3.1477
2023-12-26,3.2568
2023-12-27,3.1592
2023-12-28,3.1344
2023-12-29,3.3119
2024-01-02,2.9245
2024-01-03,2.89
2024-01-04,2.7629
2024-01-05,3.0314
2024-01-08,2.7944
2024-01-09,2.9863
2024-01-10,2.8037
2024-01-11,2.8772
2024-01-12,2.8191
2024-01-15,2.6867
2024-01-16,2.8789
2024-01-17,2.7531
2024-01-18,2.7224
2024-01-19,2.7515
2024-01-22,2.7526
2024-01-23,2.8261
2024-01-24,2.8024
2024-01-25,2.693
2024-01-26,2.799
2024-01-29,2.9924
2024-01-30,2.8006
2024-01-31,2.7534
2024-02-01,2.6725
2024-02-02,2.8224
2024-02-04,2.6
2024-02-05,2.8506
2024-02-06,2.8253
2024-02-07,2.7087
2024-02-08,3.0016
2024-02-18,2.6123
2024-02-19,2.6259
2024-02-20,2.5401
2024-02-21,2.577
2024-02-22,2.5151
2024-02-23,2.6416
2024-02-26,2.7966
2024-02-27,2.5609
2024-02-28,2.6992
2024-02-29,2.6708
2024-03-01,2.7392
2024-03-04,2.6337
2024-03-05,2.7182
2024-03-06,2.4873
2024-03-07,2.6461
2024-03-08,2.6931
2024-03-11,2.5598
2024-03-12,2.6599
2024-03-13,2.4561
2024-03-14,2.4374
2024-03-15,2.4887
2024-03-18,2.436
2024-03-19,2.5022
2024-03-20,2.5946
2024-03-21,2.6025
2024-03-22,2.5147
2024-03-25,2.508
2024-03-26,2.4883
2024-03-27,2.499
2024-03-28,2.4924
2024-03-29,2.6564
2024-04-01,2.768
2024-04-02,2.7169
2024-04-03,2.5951
2024-04-07,2.49
2024-04-08,2.5276
2024-04-09,2.4158
2024-04-10,2.5098
2024-04-11,2.5684
2024-04-12,2.473
2024-04-15,2.4179
2024-04-16,2.487
2024-04-17,2.3432
2024-04-18,2.3488
2024-04-19,2.5275
2024-04-22,2.6225
2024-04-23,2.4303
2024-04-24,2.6022
2024-04-25,2.5362
2024-04-26,2.4977
2024-04-28,2.3121
2024-04-29,2.5372
2024-04-30,2.3712
2024-05-06,2.7671
2024-05-07,2.6082
2024-05-08,2.4522
2024-05-09,2.3426
2024-05-10,2.3101
2024-05-13,2.3422
2024-05-14,2.2597
2024-05-15,2.2168
2024-05-16,2.2067
2024-05-17,2.3241
2024-05-20,2.3676
2024-05-21,2.2855
2024-05-22,2.2541
2024-05-23,2.2971
2024-05-24,2.2797
2024-05-27,2.3149
2024-05-28,2.1315
2024-05-29,2.301
2024-05-30,2.0886
2024-05-31,2.6073
2024-06-03,2.4828
2024-06-04,2.5512
2024-06-05,2.366
2024-06-06,2.3868
2024-06-07,2.2588
2024-06-11,2.3596
2024-06-12,2.1448
2024-06-13,2.2999
2024-06-14,2.1267
2024-06-17,2.1832
2024-06-18,2.2467
2024-06-19,2.1766
2024-06-20,2.202
2024-06-21,2.2591
2024-06-24,2.1205
2024-06-25,2.194
2024-06-26,2.1477
2024-06-27,2.2147
2024-06-28,2.584
2024-07-01,2.1833
2024-07-02,2.4336
2024-07-03,2.2264
2024-07-04,2.2826
2024-07-05,2.0702
2024-07-08,2.1859
2024-07-09,2.1852
2024-07-10,2.2196
2024-07-11,2.2697
2024-07-12,2.1665
2024-07-15,2.1139
2024-07-16,2.1713
2024-07-17,2.1914
2024-07-18,2.1956
2024-07-19,2.1707
2024-07-22,2.1849
2024-07-23,2.3338
2024-07-24,2.2077
2024-07-25,2.215
2024-07-26,2.1461
2024-07-29,2.285
2024-07-30,2.1697
2024-07-31,2.4667
2024-08-01,2.2667
2024-08-02,2.1668
2024-08-05,2.0609
2024-08-06,2.657
2024-08-07,2.077
2024-08-08,1.9501
2024-08-09,1.9539
2024-08-12,2.1306
2024-08-13,1.9193
2024-08-14,1.9857
2024-08-15,1.952
2024-08-16,2.075
2024-08-19,1.9255
2024-08-20,2.1558
2024-08-21,2.0375
2024-08-22,2.0968
2024-08-23,2.052

数据来源：Wind



























































































































































































































































































































































































































































































































































































































































































































































































































































































































































































































































































































































































































































































































































































































































































































































































































































































































































































































































































































































































































































































































































































































































































































































































































































































































































































































































































































































































































































































































































































































































































































































































































































































































































































































































































































































































































































































































































































































































































































































































































































































































































































