Bank,MSE (×10⁻⁴),MAE (×10⁻²),Bank,MSE (×10⁻⁴),MAE (×10⁻²)
CNCB,5.01,1.91,NBCB,312.41,11.90
CNCB,7.66,2.12,NBCB,146.11,9.33
CNCB,-52.85%,-11.00%,NBCB,53.23%,21.60%
BOC,5.12,1.63,ICBC,5.59,1.10
BOC,7.24,2.12,ICBC,1.85,0.97
BOC,-41.56%,-29.95%,ICBC,66.85%,12.16%
BCM,57.38,5.33,PAB,13.03,1.50
BCM,34.04,4.41,PAB,3.15,1.30
BCM,40.67%,17.19%,PAB,75.81%,12.97%
CIB,190.39,8.79,CCB,0.94,0.72
CIB,64.00,6.05,CCB,0.88,0.70
CIB,66.39%,31.19%,CCB,6.21%,1.98%
BOB,2.49,1.15,CMB,4.34,1.67
BOB,2.41,1.24,CMB,9.55,2.14
BOB,3.33%,-7.56%,CMB,-120.23%,-27.90%
HB,5.88,1.56,CMBC,54.17,4.73
HB,1.69,0.99,CMBC,23.33,3.50
HB,71.24%,36.53%,CMBC,56.94%,25.98%
BON,387.61,14.51,SPDB,41.95,4.55
BON,265.33,11.52,SPDB,9.60,2.32
BON,31.55%,20.58%,SPDB,77.11%,48.91%
